repository_url,repository_name,created_at
https://github.com/technoweenie/restful-authentication,restful-authentication,2012-03-22 19:08:40
https://github.com/technoweenie/restful-authentication,restful-authentication,2012-05-03 08:48:56
https://github.com/Satish/restful-authentication,restful-authentication,2012-05-10 16:44:02
https://github.com/technoweenie/restful-authentication,restful-authentication,2012-05-11 09:33:06
https://github.com/technoweenie/restful-authentication,restful-authentication,2012-05-13 15:06:53
https://github.com/jeremydurham/restful-authentication,restful-authentication,2012-05-30 17:43:18
https://github.com/Satish/restful-authentication,restful-authentication,2012-06-06 04:33:28
https://github.com/technoweenie/restful-authentication,restful-authentication,2012-06-12 11:53:12
https://github.com/technoweenie/restful-authentication,restful-authentication,2012-06-29 14:38:03
https://github.com/Satish/restful-authentication,restful-authentication,2012-07-09 09:18:29
https://github.com/Satish/restful-authentication,restful-authentication,2012-07-09 14:55:34
https://github.com/technoweenie/restful-authentication,restful-authentication,2012-07-20 01:48:01
https://github.com/Satish/restful-authentication,restful-authentication,2012-08-07 16:40:32
https://github.com/Satish/restful-authentication,restful-authentication,2012-08-13 11:37:18
https://github.com/technoweenie/restful-authentication,restful-authentication,2012-09-07 03:59:13
https://github.com/jeremydurham/restful-authentication,restful-authentication,2012-09-07 04:22:24
https://github.com/jeremydurham/restful-authentication,restful-authentication,2012-09-07 04:54:06
https://github.com/Satish/restful-authentication,restful-authentication,2012-09-11 11:02:14
https://github.com/technoweenie/restful-authentication,restful-authentication,2012-09-11 19:31:17
https://github.com/technoweenie/restful-authentication,restful-authentication,2012-11-04 06:08:27
https://github.com/technoweenie/restful-authentication,restful-authentication,2012-11-07 02:01:32
https://github.com/Satish/restful-authentication,restful-authentication,2012-11-16 02:26:10
https://github.com/technoweenie/restful-authentication,restful-authentication,2012-12-01 05:05:26
https://github.com/technoweenie/restful-authentication,restful-authentication,2012-12-06 15:21:09
https://github.com/technoweenie/restful-authentication,restful-authentication,2012-12-20 07:10:06
https://github.com/technoweenie/restful-authentication,restful-authentication,2013-01-04 16:53:07
https://github.com/mhartl/restful-authentication,restful-authentication,2013-01-07 09:45:35
https://github.com/technoweenie/restful-authentication,restful-authentication,2013-01-15 23:03:28
https://github.com/technoweenie/restful-authentication,restful-authentication,2013-01-17 12:57:24
https://github.com/technoweenie/restful-authentication,restful-authentication,2013-01-31 14:47:31
https://github.com/cis-sapna/restful-authentication,restful-authentication,2013-02-06 15:27:47
https://github.com/jeremydurham/restful-authentication,restful-authentication,2013-02-22 19:15:48
https://github.com/technoweenie/restful-authentication,restful-authentication,2013-03-06 10:15:06
https://github.com/jeremydurham/restful-authentication,restful-authentication,2013-03-11 00:44:42
https://github.com/technoweenie/restful-authentication,restful-authentication,2013-03-15 09:10:46
https://github.com/technoweenie/restful-authentication,restful-authentication,2013-03-28 02:11:59
https://github.com/technoweenie/restful-authentication,restful-authentication,2013-05-05 19:56:27
https://github.com/technoweenie/restful-authentication,restful-authentication,2013-05-06 19:37:08
https://github.com/technoweenie/restful-authentication,restful-authentication,2013-05-10 20:48:10
https://github.com/Satish/restful-authentication,restful-authentication,2013-05-15 13:53:48
https://github.com/technoweenie/restful-authentication,restful-authentication,2013-06-01 11:34:37
https://github.com/technoweenie/restful-authentication,restful-authentication,2013-06-01 12:33:23
https://github.com/technoweenie/restful-authentication,restful-authentication,2013-06-01 12:58:34
https://github.com/Satish/restful-authentication,restful-authentication,2013-06-11 21:58:41
https://github.com/technoweenie/restful-authentication,restful-authentication,2013-06-17 19:52:40
https://github.com/technoweenie/restful-authentication,restful-authentication,2013-07-05 23:22:57
https://github.com/technoweenie/restful-authentication,restful-authentication,2013-07-14 16:53:09
https://github.com/rikas/restful-authentication,restful-authentication,2013-07-16 16:43:39
https://github.com/technoweenie/restful-authentication,restful-authentication,2013-07-22 21:32:22
https://github.com/technoweenie/restful-authentication,restful-authentication,2013-07-28 10:15:56
https://github.com/technoweenie/restful-authentication,restful-authentication,2013-08-21 06:50:14
https://github.com/technoweenie/restful-authentication,restful-authentication,2013-10-25 14:58:38
https://github.com/technoweenie/restful-authentication,restful-authentication,2013-11-12 14:42:58
https://github.com/technoweenie/restful-authentication,restful-authentication,2013-11-25 17:24:03
https://github.com/technoweenie/restful-authentication,restful-authentication,2013-12-05 10:04:07
https://github.com/technoweenie/restful-authentication,restful-authentication,2013-12-23 10:17:22
https://github.com/technoweenie/restful-authentication,restful-authentication,2014-01-16 11:16:42
https://github.com/technoweenie/restful-authentication,restful-authentication,2014-01-20 06:29:52
https://github.com/technoweenie/restful-authentication,restful-authentication,2014-01-21 15:43:12
https://github.com/technoweenie/restful-authentication,restful-authentication,2014-01-21 17:59:48
https://github.com/technoweenie/restful-authentication,restful-authentication,2014-04-27 10:56:30
https://github.com/technoweenie/restful-authentication,restful-authentication,2014-05-19 00:34:30
https://github.com/technoweenie/restful-authentication,restful-authentication,2014-06-23 04:41:22
https://github.com/technoweenie/restful-authentication,restful-authentication,2014-06-30 00:53:39
