"","repository_name","evt"
"1","Rails4-spec-bower-bootstrap-modularjs",2
"2","android-bootstrap",1
"3","angular-bootstrap-datepicker",5
"4","angular-bootstrap-datetimepicker",10
"5","angular-ui-bootstrap",5
"6","arch-bootstrap",5
"7","backbone-bootstrap-widgets",1
"8","bootstrap",1115
"9","bootstrap-3-shortcodes",8
"10","bootstrap-accessibility-plugin",5
"11","bootstrap-blog",25
"12","bootstrap-bower",2
"13","bootstrap-bundle",4
"14","bootstrap-calendar",15
"15","bootstrap-cdn",7
"16","bootstrap-datepicker",26
"17","bootstrap-daterangepicker",17
"18","bootstrap-datetimepicker",6
"19","bootstrap-duallistbox",2
"20","bootstrap-for-ember",1
"21","bootstrap-form",7
"22","bootstrap-formula",5
"23","bootstrap-generators",6
"24","bootstrap-german",3
"25","bootstrap-hover-dropdown",4
"26","bootstrap-map-js",2
"27","bootstrap-markdown",16
"28","bootstrap-material-design",34
"29","bootstrap-modal",2
"30","bootstrap-multiselect",5
"31","bootstrap-on-rails",2
"32","bootstrap-sass",9
"33","bootstrap-sass-loader",10
"34","bootstrap-select",5
"35","bootstrap-shortcodes",1
"36","bootstrap-slider",1
"37","bootstrap-social",2
"38","bootstrap-table",6
"39","bootstrap-tagsinput",6
"40","bootstrap-tokenfield",2
"41","bootstrap-tour",15
"42","bootstrap-vialogues",5
"43","bootstrap-vz",128
"44","bootstrap-wysiwyg",5
"45","bootstrap3-less",1
"46","bootstrap_for_pub",7
"47","bootstrap_form",4
"48","bootstrap_haml_helpers",2
"49","bootstrapper",2
"50","bootstrapvalidator",45
"51","brackets-bootstrap-skeleton",2
"52","canon-bootstrap",11
"53","chef-server-bootstrap",2
"54","chevah-os-bootstrap",3
"55","com-bootstrap",1
"56","cpt-bootstrap-carousel",9
"57","d-bootstrap",1
"58","davinci_motors_bootstrap",5
"59","db-bootstrap",15
"60","django-bootstrap-mockups",3
"61","django-forms-bootstrap",1
"62","droolsjbpm-build-bootstrap",7
"63","ember-cli-bootstrap",5
"64","emr-bootstrap-actions",1
"65","flask-bootstrap",1
"66","fluidbootstraptheme",6
"67","flynn-bootstrap",18
"68","forms-bootstrap",4
"69","gwt-bootstrap",15
"70","gwtbootstrap3",23
"71","gwtbootstrap3-extras",7
"72","hashspace-bootstrap",46
"73","jekyll-bootstrap",3
"74","jquery-sessionTimeout-bootstrap",1
"75","livefyre-bootstrap",16
"76","material-android-bootstrap",1
"77","meteor-accounts-admin-ui-bootstrap-3",2
"78","om-bootstrap",3
"79","omnibus-intu-aws-cfn-bootstrap",1
"80","osx-bootstrap",11
"81","osx-bootstrapping",3
"82","pelican-bootstrap3",2
"83","prime_bootstrap",1
"84","puppetlabs-training-bootstrap",53
"85","rails-bootstrap-forms",16
"86","rails-bootstrap-markdown",3
"87","react-bootstrap",113
"88","react-router-bootstrap",10
"89","rosjava_bootstrap",12
"90","salt-bootstrap",4
"91","sass-bootstrap",1
"92","simple_form-bootstrap",19
"93","sphinx-bootstrap-theme",8
"94","starter-bootstrap",1
"95","symfony-bootstrap",7
"96","twitter-bootstrap-rails",6
"97","twitter-bootstrap-scaffolding",1
"98","wicket-bootstrap",166
"99","will_paginate-bootstrap",4
