repo	terms	is_data_statistics	url
OutlawAndy/dav4rack-example-devise-subdirectories	dav4rack example devise subdirectories	False	http://github.com/OutlawAndy/dav4rack-example-devise-subdirectories
NicoAdams/4	4	False	http://github.com/NicoAdams/4
robcorp/packman	packman	False	http://github.com/robcorp/packman
JeshuaSan/MATLAB	matlab	True	http://github.com/JeshuaSan/MATLAB
smaldini/ratpack-reactor-gh-sample	ratpack reactor gh sample	False	http://github.com/smaldini/ratpack-reactor-gh-sample
headmyshoulder/Boost-Build-Sample-Project	boost build sample project	False	http://github.com/headmyshoulder/Boost-Build-Sample-Project
reilovewish/spawncamping-ironman	spawncamping ironman	False	http://github.com/reilovewish/spawncamping-ironman
dv00d00/capo	capo	False	http://github.com/dv00d00/capo
FranPuentes/goodbm	goodbm	False	http://github.com/FranPuentes/goodbm
iShafayet/nodemgr	nodemgr	False	http://github.com/iShafayet/nodemgr
shynggys/nfctools-examples	nfctools examples	False	http://github.com/shynggys/nfctools-examples
moooomiso/airkinect-2-examples	airkinect 2 examples	False	http://github.com/moooomiso/airkinect-2-examples
IntoMethod/Lightweight-JSONP	lightweight j s o n p	False	http://github.com/IntoMethod/Lightweight-JSONP
kumaran-is/Angularjs	angularjs	False	http://github.com/kumaran-is/Angularjs
ragnarok56/twissandra	twissandra	False	http://github.com/ragnarok56/twissandra
kaushikreddy/nicar2013	nicar 	False	http://github.com/kaushikreddy/nicar2013
warlley/togetherjs-example	togetherjs example	False	http://github.com/warlley/togetherjs-example
prabhjotSL/Spine-AMD-Example	spine a m d example	False	http://github.com/prabhjotSL/Spine-AMD-Example
feijian8/legacy-jclouds-examples	legacy jclouds examples	False	http://github.com/feijian8/legacy-jclouds-examples
eleboys/sheepit	sheepit	False	http://github.com/eleboys/sheepit
omkar1117/django-mailer	django mailer	False	http://github.com/omkar1117/django-mailer
sharrajesh/signals-and-systems	signals and systems	False	http://github.com/sharrajesh/signals-and-systems
tkzwtks/sample-memo	sample memo	False	http://github.com/tkzwtks/sample-memo
manuscola/MM	m m	False	http://github.com/manuscola/MM
espanae/Kurogo	kurogo	False	http://github.com/espanae/Kurogo
cyndibaby905/AIDatePickerController	a i date picker controller	False	http://github.com/cyndibaby905/AIDatePickerController
LinkTorres/SAS	s a s	False	http://github.com/LinkTorres/SAS
shaman/opencart-news-seo-pro-support	opencart news seo pro support	False	http://github.com/shaman/opencart-news-seo-pro-support
originatedan/Originate_DRDI_Git	originate d r d i git	False	http://github.com/originatedan/Originate_DRDI_Git
raid5/paths_of_glory-sample_app	paths of glory sample app	False	http://github.com/raid5/paths_of_glory-sample_app
TPAMHERST/omrails	omrails	False	http://github.com/TPAMHERST/omrails
givedi/givediSP-Manager	givedisp manager	False	http://github.com/givedi/givediSP-Manager
PakCu/bootstrap-datepicker	bootstrap datepicker	False	http://github.com/PakCu/bootstrap-datepicker
thechronos/nodejs-express-mongoose-demo	nodejs express mongoose demo	False	http://github.com/thechronos/nodejs-express-mongoose-demo
kbase/handle_service	handle service	False	http://github.com/kbase/handle_service
Febrianto/LevenshteinAutomaton	levenshtein automaton	False	http://github.com/Febrianto/LevenshteinAutomaton
bjmiller19/yorick	yorick	True	http://github.com/bjmiller19/yorick
saz/Naglite3	naglite	False	http://github.com/saz/Naglite3
IanFelton/AccessibleWidgets	accessible widgets	False	http://github.com/IanFelton/AccessibleWidgets
cyrilbornet/Aloha-Editor	aloha editor	False	http://github.com/cyrilbornet/Aloha-Editor
chhatbargaurang/calendarDemo	calendardemo	False	http://github.com/chhatbargaurang/calendarDemo
kyzh/isitfedoraruby	isitfedoraruby	False	http://github.com/kyzh/isitfedoraruby
regisfoucault/play2-mini-github-api-example	play2 mini github api example	False	http://github.com/regisfoucault/play2-mini-github-api-example
jeredding/puppet-thin	puppet thin	False	http://github.com/jeredding/puppet-thin
amciii/north	north	False	http://github.com/amciii/north
RickyChien/try-nodejs	try nodejs	False	http://github.com/RickyChien/try-nodejs
douglasdeodato/sass	sass	False	http://github.com/douglasdeodato/sass
chealwoo/evercookie	evercookie	False	http://github.com/chealwoo/evercookie
pophoo/qdms	qdms	False	http://github.com/pophoo/qdms
avolkov/grok-sample	grok sample	False	http://github.com/avolkov/grok-sample
VerosK/nagios-snmp-tortilla	nagios snmp tortilla	False	http://github.com/VerosK/nagios-snmp-tortilla
gwkkwg/metatilities-base	metatilities base	False	http://github.com/gwkkwg/metatilities-base
emesix/oh-my-zsh	oh my zsh	False	http://github.com/emesix/oh-my-zsh
AkshayMShepHertz/App42-Unity3D-Upload	app unity d upload	False	http://github.com/AkshayMShepHertz/App42-Unity3D-Upload
vanhung1710/ViduGitHub	vidu git hub	False	http://github.com/vanhung1710/ViduGitHub
csalvador/dolibarr	dolibarr	False	http://github.com/csalvador/dolibarr
shoerofi/sample_app	sample app	False	http://github.com/shoerofi/sample_app
cire1776/rpress	rpress	False	http://github.com/cire1776/rpress
grodzki/NativeAlert	native alert	False	http://github.com/grodzki/NativeAlert
cghsystems/cgh-si-examples	cgh si examples	False	http://github.com/cghsystems/cgh-si-examples
jimg3/sample_app	sample app	False	http://github.com/jimg3/sample_app
esimonetti/sugarcrm-codeigniter-sample-rest-case-portal	sugarcrm codeigniter sample rest case portal	False	http://github.com/esimonetti/sugarcrm-codeigniter-sample-rest-case-portal
Minecarts/LoggerManager	logger manager	False	http://github.com/Minecarts/LoggerManager
girishrao/s3cmd	s3cmd	False	http://github.com/girishrao/s3cmd
huoxito/ooor	ooor	False	http://github.com/huoxito/ooor
dpackcartonmachine/3layer5layer7layer-corrugated-box-machine--348695	3layer5layer7layer corrugated box machine   	False	http://github.com/dpackcartonmachine/3layer5layer7layer-corrugated-box-machine--348695
HonzaKral/salt	salt	False	http://github.com/HonzaKral/salt
axemclion/sample	sample	False	http://github.com/axemclion/sample
johnsir/hubot-flowdock	hubot flowdock	False	http://github.com/johnsir/hubot-flowdock
ymage/deform_jinja2	deform jinja2	False	https://github.com/ymage/deform_jinja2
music-dsp-collection/chunkware-simple-dynamics	chunkware simple dynamics	False	http://github.com/music-dsp-collection/chunkware-simple-dynamics
garrychechik/browsercms	browsercms	False	http://github.com/garrychechik/browsercms
alaattinturyan/android_volley_examples	android volley examples	False	http://github.com/alaattinturyan/android_volley_examples
dohoang1102/HCDownload	h c download	False	http://github.com/dohoang1102/HCDownload
yasaricli/mikemmel	mikemmel	False	http://github.com/yasaricli/mikemmel
nayefc/mips-simulator	mips simulator	False	http://github.com/nayefc/mips-simulator
jdubie/maple_old	maple old	False	http://github.com/jdubie/maple_old
t6166as/HBase-Bulk-Load-Example	h base bulk load example	False	http://github.com/t6166as/HBase-Bulk-Load-Example
JHaldane/sass-twitter-bootstrap	sass twitter bootstrap	False	http://github.com/JHaldane/sass-twitter-bootstrap
yanick/Business-CanadaPost	business canada post	False	http://github.com/yanick/Business-CanadaPost
aknishiumi/node-samples	node samples	False	http://github.com/aknishiumi/node-samples
mineschan/MZTimerLabel	m z timer label	False	http://github.com/mineschan/MZTimerLabel
beerriot/wmexamples	wmexamples	False	http://github.com/beerriot/wmexamples
isatimur/RestSample	rest sample	False	http://github.com/isatimur/RestSample
cwestin/bobt	bobt	False	http://github.com/cwestin/bobt
canercandan/web-server-manager	web server manager	False	http://github.com/canercandan/web-server-manager
amartin311/kunagi	kunagi	False	http://github.com/amartin311/kunagi
dpackcartonmachine/slotting-machines-die-cutting-machinery--carton-packing-machine-carton-machine--907618	slotting machines die cutting machinery  carton packing machine carton machine   	False	http://github.com/dpackcartonmachine/slotting-machines-die-cutting-machinery--carton-packing-machine-carton-machine--907618
cuongle/CQRS-Sample	c q r s sample	False	http://github.com/cuongle/CQRS-Sample
yangRy/rpi-rtl8188eu	rpi rtl eu	False	http://github.com/yangRy/rpi-rtl8188eu
chrispyle/Introduction-to-Programming-Using-Java--Sixth-Edition	introduction programming using java sixth edition	False	http://github.com/chrispyle/Introduction-to-Programming-Using-Java--Sixth-Edition
espitman/DB-Encrypted-Session	d b encrypted session	False	http://github.com/espitman/DB-Encrypted-Session
gdiodato/coursera-android	coursera android	False	http://github.com/gdiodato/coursera-android
shitalma/Time-Manager	time manager	False	http://github.com/shitalma/Time-Manager
MohammedTaha/chrome-app-samples	chrome app samples	False	http://github.com/MohammedTaha/chrome-app-samples
bifidokk/sample_app	sample app	False	http://github.com/bifidokk/sample_app
rajeshkanna777/Code4Reference	code reference	False	http://github.com/rajeshkanna777/Code4Reference
Bruce7988/monodroid-samples	monodroid samples	False	http://github.com/Bruce7988/monodroid-samples
xucheng/scipy	scipy	True	http://github.com/xucheng/scipy
pombredanne/libevil	libevil	False	http://github.com/pombredanne/libevil
evilfrog262/cs367-CircularSequence	cs  circularsequence	False	http://github.com/evilfrog262/cs367-CircularSequence
visioncan/script.js	script js	False	http://github.com/visioncan/script.js
zaargy/Ion3	ion	False	http://github.com/zaargy/Ion3
jeffbrown/datomic-groovy-examples	datomic groovy examples	False	http://github.com/jeffbrown/datomic-groovy-examples
Roggers/html5-boilerplate	html5 boilerplate	False	http://github.com/Roggers/html5-boilerplate
jeroenvandijk/dm-redis-adapter	dm redis adapter	False	http://github.com/jeroenvandijk/dm-redis-adapter
mcercado/ansible-user-management	ansible user management	False	http://github.com/mcercado/ansible-user-management
vredniy/arbor-twitter-sinatra	arbor twitter sinatra	False	http://github.com/vredniy/arbor-twitter-sinatra
johnmichaelsen/iws-snippets	iws snippets	False	http://github.com/johnmichaelsen/iws-snippets
DackJing/RestaurantManagerGame	restaurant manager game	False	http://github.com/DackJing/RestaurantManagerGame
pds37/sample_app	sample app	False	http://github.com/pds37/sample_app
garygitton/shell-scripts	shell scripts	False	http://github.com/garygitton/shell-scripts
lmbacelar/paperless	paperless	False	http://github.com/lmbacelar/paperless
CampDavid/chef	chef	False	http://github.com/CampDavid/chef
knu/z	z	False	http://github.com/knu/z
gihandesilva/Nukenode	nukenode	False	http://github.com/gihandesilva/Nukenode
filiptepper/eventmachine-examples	eventmachine examples	False	http://github.com/filiptepper/eventmachine-examples
zakirstage/sofammm	sofammm	False	http://github.com/zakirstage/sofammm
WarriorIng64/GxFiles	gx files	False	http://github.com/WarriorIng64/GxFiles
sebastyan/MyTestExamples	my test examples	False	http://github.com/sebastyan/MyTestExamples
susannej/interlace	interlace	False	http://github.com/susannej/interlace
soundcloud/SoundManager2	sound manager	False	http://github.com/soundcloud/SoundManager2
teudis/composer	composer	False	http://github.com/teudis/composer
jquiaot/example-basic	example basic	False	http://github.com/jquiaot/example-basic
ycicom/Search-Plugin-for-CakePHP	search plugin cake p h p	False	http://github.com/ycicom/Search-Plugin-for-CakePHP
zcwfeng/B2G	b g	False	http://github.com/zcwfeng/B2G
homalg-project/ExamplesForHomalg	examples for homalg	False	http://github.com/homalg-project/ExamplesForHomalg
Gadhia/FD-ETMS-Net3P5-V2	f d e t m s net p v	False	http://github.com/Gadhia/FD-ETMS-Net3P5-V2
brunogola/django-socialregistration	django socialregistration	False	http://github.com/brunogola/django-socialregistration
farazdagi/scalr	scalr	False	http://github.com/farazdagi/scalr
fmartingr/swepisodeIV	swepisodeiv	False	http://github.com/fmartingr/swepisodeIV
totty90/TechnicalAssistance	technical assistance	False	http://github.com/totty90/TechnicalAssistance
bsdf/gh	gh	False	http://github.com/bsdf/gh
khLameRkh/pkgcloud	pkgcloud	False	http://github.com/khLameRkh/pkgcloud
athieriot/pdf-box-example	pdf box example	False	http://github.com/athieriot/pdf-box-example
techyrajeev/node-js-sample	node js sample	False	http://github.com/techyrajeev/node-js-sample
bryanveloso/tsunku	tsunku	False	http://github.com/bryanveloso/tsunku
cbordesfigarocms/lightbox2	lightbox2	False	http://github.com/cbordesfigarocms/lightbox2
potomak/Love2d-samples	love	False	http://github.com/potomak/Love2d-samples
SenWang/kinectsample_highpercolorstream	kinectsample highpercolorstream	False	http://github.com/SenWang/kinectsample_highpercolorstream
jquaranta99/potayto	potayto	False	http://github.com/jquaranta99/potayto
TheDeadStone/sample_app	sample app	False	http://github.com/TheDeadStone/sample_app
NicktheGeek/genesis-featured-widget-amplified	genesis featured widget amplified	False	http://github.com/NicktheGeek/genesis-featured-widget-amplified
diceone/puppet-ulimit-1	puppet ulimit 1	False	http://github.com/diceone/puppet-ulimit-1
edvillan15/socialpm	socialpm	False	http://github.com/edvillan15/socialpm
sbezboro/standard-plugin	standard plugin	False	http://github.com/sbezboro/standard-plugin
yighu/The-Nature-of-Code	the nature code	False	http://github.com/yighu/The-Nature-of-Code
etymontechnologies/dredit	dredit	False	http://github.com/etymontechnologies/dredit
sohailalam2/libnice	libnice	False	http://github.com/sohailalam2/libnice
haru/redmine_banner	redmine banner	False	http://github.com/haru/redmine_banner
prateekjaiswal/jqm-angular-sample	jqm angular sample	False	http://github.com/prateekjaiswal/jqm-angular-sample
pablomarti/rails-engine-example	rails engine example	False	http://github.com/pablomarti/rails-engine-example
megbers/grunt-template-jasmine-steal-istanbul	grunt template jasmine steal istanbul	False	http://github.com/megbers/grunt-template-jasmine-steal-istanbul
berkeleyboo/salt	salt	False	http://github.com/berkeleyboo/salt
lukestur/timout	timout	False	http://github.com/lukestur/timout
msgpack/msgpack-d	msgpack d	False	http://github.com/msgpack/msgpack-d
clojens/joy-of-clojure-examples	joy of clojure examples	False	http://github.com/clojens/joy-of-clojure-examples
lpaul1/vagrant-softlayer	vagrant softlayer	False	http://github.com/lpaul1/vagrant-softlayer
clofresh/elixir_cowboy	elixir cowboy	False	http://github.com/clofresh/elixir_cowboy
fraserxu/music163	music 	False	http://github.com/fraserxu/music163
chrskly/svn-web-manager	svn web manager	False	http://github.com/chrskly/svn-web-manager
ioudas/GWTP-Samples	g w t p samples	False	http://github.com/ioudas/GWTP-Samples
jbbfvt4112/Note-when-the-load-cell-selection	note	False	http://github.com/jbbfvt4112/Note-when-the-load-cell-selection
AdamQuadmon/createphp	createphp	False	http://github.com/AdamQuadmon/createphp
ku-fpg/kansas-lava	kansas lava	False	http://github.com/ku-fpg/kansas-lava
sechrist/piler	piler	False	http://github.com/sechrist/piler
sKav-DanieleAutizi/sample-code	sample code	False	http://github.com/sKav-DanieleAutizi/sample-code
ideatest2/56	 	False	http://github.com/ideatest2/56
tomtomau/ouimeaux	ouimeaux	False	http://github.com/tomtomau/ouimeaux
DovetailSoftware/slides	slides	False	http://github.com/DovetailSoftware/slides
ddallala/Zend_Db_Adapter_Odbc	zend db adapter odbc	False	http://github.com/ddallala/Zend_Db_Adapter_Odbc
zhaozw/PlanBetter	plan better	False	http://github.com/zhaozw/PlanBetter
jimherz/devise_security_extension	devise security extension	False	http://github.com/jimherz/devise_security_extension
kaszycki/Probabilistic-Programming-and-Bayesian-Methods-for-Hackers	probabilistic programming bayesian methods hackers	True	http://github.com/kaszycki/Probabilistic-Programming-and-Bayesian-Methods-for-Hackers
s-t-a-r-w-a-r-s/episode-v	episode v	False	http://github.com/s-t-a-r-w-a-r-s/episode-v
railssignals/capybara	capybara	False	http://github.com/railssignals/capybara
h2oloopan/nodecellar	nodecellar	False	http://github.com/h2oloopan/nodecellar
dsymquen/logstash	logstash	False	http://github.com/dsymquen/logstash
evle/dart-samples	dart samples	False	http://github.com/evle/dart-samples
zerovm/zpm	zpm	False	http://github.com/zerovm/zpm
landed1/Projectfork	projectfork	False	http://github.com/landed1/Projectfork
cromulent-testing/cucumber_capybara_rails_example	cucumber capybara rails example	False	http://github.com/cromulent-testing/cucumber_capybara_rails_example
adamhut/jQuery-File-Upload	jquery file upload	False	http://github.com/adamhut/jQuery-File-Upload
yongjhih/gitlabhq	gitlabhq	False	http://github.com/yongjhih/gitlabhq
gallois/oh-my-zsh	oh my zsh	False	http://github.com/gallois/oh-my-zsh
Shpigford/message_block_foundation	message block foundation	False	http://github.com/Shpigford/message_block_foundation
01000001/bootstrap-datepicker	bootstrap datepicker	False	http://github.com/01000001/bootstrap-datepicker
aont/GnuplotFS	gnuplot f s	False	http://github.com/aont/GnuplotFS
caelon/sample_app	sample app	False	http://github.com/caelon/sample_app
slucha/screen-streamer	screen streamer	False	http://github.com/slucha/screen-streamer
patelrohan/ELCImagePickerController	e l c image picker controller	False	http://github.com/patelrohan/ELCImagePickerController
stephenjudge/prey-bash-client	prey bash client	False	http://github.com/stephenjudge/prey-bash-client
msnyderiq/instantclick	instantclick	False	http://github.com/msnyderiq/instantclick
PayU/openpayu_php_example	openpayu php example	False	http://github.com/PayU/openpayu_php_example
regismz/sample_app	sample app	False	http://github.com/regismz/sample_app
DallasGTUG/AnimationExamples	animation examples	False	http://github.com/DallasGTUG/AnimationExamples
theMount/calendar	calendar	False	http://github.com/theMount/calendar
prashant-Ascra/coursera-android	coursera android	False	http://github.com/prashant-Ascra/coursera-android
hyperfang8/MultiMC5	multi m c	False	http://github.com/hyperfang8/MultiMC5
art-vandelay/virgo-bundles-cli	virgo bundles cli	False	http://github.com/art-vandelay/virgo-bundles-cli
dushanhanuska/puppet-modules	puppet modules	False	http://github.com/dushanhanuska/puppet-modules
tancorko/n2o-release	n2o release	False	http://github.com/tancorko/n2o-release
fengyibo/ember-samples	ember samples	False	http://github.com/fengyibo/ember-samples
vfarcy/fathomjs-codemirror-example	fathomjs codemirror example	False	http://github.com/vfarcy/fathomjs-codemirror-example
abdo/inet	inet	True	http://github.com/abdo/inet
ysawa/static_site_package	static site package	False	http://github.com/ysawa/static_site_package
gitpan/Net-SMS-MessageNet	net s m s message net	False	http://github.com/gitpan/Net-SMS-MessageNet
jinn8522/homebrew	homebrew	False	http://github.com/jinn8522/homebrew
udarakr/PrivilegedCC_sample	privileged c c	False	http://github.com/udarakr/PrivilegedCC_sample
gschuster/sample_app	sample app	False	http://github.com/gschuster/sample_app
gokulvanan/python-gsmmodem	python gsmmodem	False	http://github.com/gokulvanan/python-gsmmodem
circlelychen/amazon-emr-beyond-basics	amazon emr beyond basics	False	http://github.com/circlelychen/amazon-emr-beyond-basics
7islands/scipy	scipy	True	http://github.com/7islands/scipy
DataDog/chef	chef	False	http://github.com/DataDog/chef
marcteyssier/html5shiv	html5shiv	False	http://github.com/marcteyssier/html5shiv
castingworkbook/dapper-dot-net	dapper dot net	False	http://github.com/castingworkbook/dapper-dot-net
ysanjeev/project-examples	project examples	False	http://github.com/ysanjeev/project-examples
aparshin/jQuery-Timepicker-Addon	jquery timepicker addon	False	http://github.com/aparshin/jQuery-Timepicker-Addon
leifwalsh/alpine-notify	alpine notify	False	http://github.com/leifwalsh/alpine-notify
jingerso/google-api-nodejs-client	google api nodejs client	False	http://github.com/jingerso/google-api-nodejs-client
gobruins2154/sample_app_2nd_ed	sample app 2nd ed	False	http://github.com/gobruins2154/sample_app_2nd_ed
nickwilkie/MSFMalnutritionCordova	m s f malnutrition cordova	False	http://github.com/nickwilkie/MSFMalnutritionCordova
rochfordk/barclamp-openstack-titanium-nagios	barclamp openstack titanium nagios	False	http://github.com/rochfordk/barclamp-openstack-titanium-nagios
ArthasZRZ/homebrew	homebrew	False	http://github.com/ArthasZRZ/homebrew
Jatgam/Computer-Simulator	computer simulator	False	http://github.com/Jatgam/Computer-Simulator
aehlke/manabi	manabi	False	http://github.com/aehlke/manabi
viveks18/ServiceControl	service control	False	http://github.com/viveks18/ServiceControl
bling/ResharperStaticResource	resharper static resource	False	http://github.com/bling/ResharperStaticResource
daisun/sample	sample	False	http://github.com/daisun/sample
MiniTini/sample_app	sample app	False	http://github.com/MiniTini/sample_app
gary-k/hsas	hsas	False	http://github.com/gary-k/hsas
webgravel/package	package	False	http://github.com/webgravel/package
stanfordstackman/StanfordCPPLib	stanford c p p lib	False	http://github.com/stanfordstackman/StanfordCPPLib
pkmittal81/dredit-1	dredit 1	False	http://github.com/pkmittal81/dredit-1
mwasyou/AngularJS	angular j s	False	http://github.com/mwasyou/AngularJS
kamalendugarai/jQuery-Form-Validator	jquery form validator	False	http://github.com/kamalendugarai/jQuery-Form-Validator
splencha/TimeandTravel	timeand travel	False	http://github.com/splencha/TimeandTravel
hunangangli/WebGLBook	web g l book	False	http://github.com/hunangangli/WebGLBook
takashi/dots	dots	False	http://github.com/takashi/dots
teremo4ek/qml-particles	qml particles	False	http://github.com/teremo4ek/qml-particles
pixeltrix/ruby-ejs	ruby ejs	False	http://github.com/pixeltrix/ruby-ejs
leafyoung/stanford-cs240h	stanford cs h	True	http://github.com/leafyoung/stanford-cs240h
dreamscapesteve/Vauntium	vauntium	False	http://github.com/dreamscapesteve/Vauntium
BBC-News/alephant	alephant	False	http://github.com/BBC-News/alephant
olegman/airtraffic_simulator	airtraffic simulator	True	http://github.com/olegman/airtraffic_simulator
timwarnock/d3-book	d3 book	True	http://github.com/timwarnock/d3-book
jcoder2012/xtend-gwt-canvas	xtend gwt canvas	False	http://github.com/jcoder2012/xtend-gwt-canvas
ArthurGuy/PayPal-Standard	pay pal standard	False	http://github.com/ArthurGuy/PayPal-Standard
adias/opencart-1	opencart 1	False	http://github.com/adias/opencart-1
JohnsonHsieh/ex-renderUI	ex renderui	False	http://github.com/JohnsonHsieh/ex-renderUI
jamesjong/samples	samples	False	http://github.com/jamesjong/samples
axelson/synergy-plus	synergy plus	False	http://github.com/axelson/synergy-plus
chrysa/oh-my-zsh	oh my zsh	False	http://github.com/chrysa/oh-my-zsh
andresalcover/jquery-qrcode	jquery qrcode	False	http://github.com/andresalcover/jquery-qrcode
jronallo/timeline_keeper	timeline keeper	False	http://github.com/jronallo/timeline_keeper
fabianmichael/Adaptive-Images	adaptive images	False	http://github.com/fabianmichael/Adaptive-Images
jakegorman/sample_app	sample app	False	http://github.com/jakegorman/sample_app
akhileshgodi/A3-Copter	a copter	False	http://github.com/akhileshgodi/A3-Copter
harrism/sample_app	sample app	False	http://github.com/harrism/sample_app
dpackcartonmachine/fully-automatic-three-layer-carton-box-Making-Machine--891817	fully automatic three layer carton box making machine   	False	http://github.com/dpackcartonmachine/fully-automatic-three-layer-carton-box-Making-Machine--891817
Rajkumarn/ajax-samples	ajax samples	False	http://github.com/Rajkumarn/ajax-samples
neokee/StanfordBigData	stanford big data	True	http://github.com/neokee/StanfordBigData
Dev-Lucid/DatabaseManager	database manager	False	http://github.com/Dev-Lucid/DatabaseManager
tranjith/Kraken_Example_Shopping_Cart	kraken example shopping cart	False	http://github.com/tranjith/Kraken_Example_Shopping_Cart
cjw296/psycopg2	psycopg2	False	http://github.com/cjw296/psycopg2
Nomadblue/github-trello	github trello	False	http://github.com/Nomadblue/github-trello
rrrene/paperclip	paperclip	False	http://github.com/rrrene/paperclip
Lingcc/Clang-LLVM-tutorial	clang l l v m	False	http://github.com/Lingcc/Clang-LLVM-tutorial
stevenejb/omrails	omrails	False	http://github.com/stevenejb/omrails
ramanan-java/ADBDeviceExplorer	a d b device explorer	False	http://github.com/ramanan-java/ADBDeviceExplorer
BrandonMathis/brandonmathis.github.com	brandonmathis github com	False	http://github.com/BrandonMathis/brandonmathis.github.com
clearandfizzy/magento2	magento2	False	http://github.com/clearandfizzy/magento2
yezzziam/omrails	omrails	False	http://github.com/yezzziam/omrails
jenart/mobile-samples	mobile samples	False	http://github.com/jenart/mobile-samples
mitch000001/SqueakByExample-german	squeak by example	False	http://github.com/mitch000001/SqueakByExample-german
edwardmccaughan/betweener	betweener	False	http://github.com/edwardmccaughan/betweener
4u4v/PHP_Manual_Examples	p h p manual examples	False	http://github.com/4u4v/PHP_Manual_Examples
rickard-von-essen/DBUnit-Example	d b unit example	False	http://github.com/rickard-von-essen/DBUnit-Example
kiudee/greymeans	greymeans	False	http://github.com/kiudee/greymeans
chatrjr/html5-boilerplate	html5 boilerplate	False	http://github.com/chatrjr/html5-boilerplate
balboah/django-brookie	django brookie	False	http://github.com/balboah/django-brookie
dlowe-net/Hello-gl	hello	False	http://github.com/dlowe-net/Hello-gl
yeago/django-digital-signatures	django digital signatures	False	http://github.com/yeago/django-digital-signatures
joonty/phpdox	phpdox	False	http://github.com/joonty/phpdox
alex520biao/YYFilterControl_Sample	y y filter control sample	False	http://github.com/alex520biao/YYFilterControl_Sample
raw1z/amistad	amistad	False	http://github.com/raw1z/amistad
Craveiiro/mwdapps	mwdapps	False	http://github.com/Craveiiro/mwdapps
sorossg/twiddle-standalone	twiddle standalone	False	http://github.com/sorossg/twiddle-standalone
horstjens/ThePythonGameBook	the python game book	False	http://github.com/horstjens/ThePythonGameBook
gllera/CompiManager	compi manager	False	http://github.com/gllera/CompiManager
llabball/noattach	noattach	False	http://github.com/llabball/noattach
gigel7/psttt	psttt	False	http://github.com/gigel7/psttt
Sgupt/sample-app	sample app	False	http://github.com/Sgupt/sample-app
keif/jQuery-File-Upload	jquery file upload	False	http://github.com/keif/jQuery-File-Upload
rbohnet/bufexplorer.zip	bufexplorer zip	False	http://github.com/rbohnet/bufexplorer.zip
sirpengi/s3cmd	s3cmd	False	http://github.com/sirpengi/s3cmd
pbombo/assetic	assetic	False	http://github.com/pbombo/assetic
4goodapp/epf_example	epf example	False	http://github.com/4goodapp/epf_example
BeScientifik/Scientifik-Widgets	scientifik widgets	False	http://github.com/BeScientifik/Scientifik-Widgets
rapofran/design-patterns-in-ruby	design patterns in ruby	False	http://github.com/rapofran/design-patterns-in-ruby
hector1618/CPlusplus	c plusplus	False	http://github.com/hector1618/CPlusplus
michaelltn/batpack-examples	batpack examples	False	http://github.com/michaelltn/batpack-examples
guitarnut/ProjectManager	project manager	False	http://github.com/guitarnut/ProjectManager
bemineni/sample_app	sample app	False	http://github.com/bemineni/sample_app
rossnelson/Uploadify-with-Paperclip-on-Rails-example	uploadify paperclip rails	False	http://github.com/rossnelson/Uploadify-with-Paperclip-on-Rails-example
mediaburst/Nagios-Plugins	nagios plugins	False	http://github.com/mediaburst/Nagios-Plugins
Og192/android-1	android 1	False	http://github.com/Og192/android-1
piceman/homebrew	homebrew	False	http://github.com/piceman/homebrew
abhishekpshukla/attendance	attendance	False	http://github.com/abhishekpshukla/attendance
Epic-Pong-Battle-Team/Epic-Pong-Battle	epic pong battle	False	http://github.com/Epic-Pong-Battle-Team/Epic-Pong-Battle
fabiorico/Microchip-PIC-Code-Examples	microchip p i c code examples	False	http://github.com/fabiorico/Microchip-PIC-Code-Examples
kowey/debug-wx	debug wx	False	http://github.com/kowey/debug-wx
riyue/doT	dot	False	http://github.com/riyue/doT
chrisreichel/node-mainframe-simulator	node mainframe simulator	False	http://github.com/chrisreichel/node-mainframe-simulator
kazumihirose/incubator	incubator	False	http://github.com/kazumihirose/incubator
pkhivesara/MapsExample	maps example	False	http://github.com/pkhivesara/MapsExample
mrmarbles/easycrypto	easycrypto	False	http://github.com/mrmarbles/easycrypto
DronRathore/JCache	j cache	False	http://github.com/DronRathore/JCache
dpackcartonmachine/corrugated-cardboard-production-line--656818	corrugated cardboard production line   	False	http://github.com/dpackcartonmachine/corrugated-cardboard-production-line--656818
wip-studio/cocos2d-x-extensions	cocos2d x extensions	False	http://github.com/wip-studio/cocos2d-x-extensions
holtri/CassandraCluster	cassandra cluster	False	http://github.com/holtri/CassandraCluster
imclab/ImpactJS-Scene-Manager	impact j s scene manager	False	http://github.com/imclab/ImpactJS-Scene-Manager
yhwong/cppSampleCode	cppsamplecode	False	http://github.com/yhwong/cppSampleCode
shephertz/App42PaaS-CompoundJS-CouchDB-Sample	app paa s compound j s couch d b sample	False	http://github.com/shephertz/App42PaaS-CompoundJS-CouchDB-Sample
andmetoo/PixelKit-Bootstrap-UI-Kits	pixel kit bootstrap u i kits	False	http://github.com/andmetoo/PixelKit-Bootstrap-UI-Kits
t9md/phrase-example	phrase example	False	http://github.com/t9md/phrase-example
jammyxu/PyLab	py lab	True	http://github.com/jammyxu/PyLab
krisleech/Persistent-Hash	persistent hash	False	http://github.com/krisleech/Persistent-Hash
akylbekova/grails-pomodoro	grails pomodoro	False	http://github.com/akylbekova/grails-pomodoro
tank-t-bird/sample_app	sample app	False	http://github.com/tank-t-bird/sample_app
stevegifford/privilege	privilege	False	http://github.com/stevegifford/privilege
dinal24/C_Sample	c sample	True	http://github.com/dinal24/C_Sample
arktisklada/imsg	imsg	False	http://github.com/arktisklada/imsg
BrockLee/pdfparser	pdfparser	False	http://github.com/BrockLee/pdfparser
TaylorSanchez/OriginallyPrinter	originally printer	False	http://github.com/TaylorSanchez/OriginallyPrinter
manolenso/nodemanual.org-examples	nodemanual org examples	False	http://github.com/manolenso/nodemanual.org-examples
wmlockhart/geopal-api-samples	geopal api samples	False	http://github.com/wmlockhart/geopal-api-samples
phoenixcoder/NewicTreeCounter	newic tree counter	False	http://github.com/phoenixcoder/NewicTreeCounter
dberk1962/sample_app	sample app	False	http://github.com/dberk1962/sample_app
forresto/friction-free-creative-economy	friction free creative economy	False	http://github.com/forresto/friction-free-creative-economy
ajay2589/libsvm	libsvm	True	http://github.com/ajay2589/libsvm
nickduch/jQuery.msgBox	jquery msgbox	False	http://github.com/nickduch/jQuery.msgBox
Paralint/ldaptor	ldaptor	False	http://github.com/Paralint/ldaptor
feigner/dpxdt	dpxdt	False	http://github.com/feigner/dpxdt
smurphy8/utilities	utilities	False	http://github.com/smurphy8/utilities
cristianbravo/cloth-simulation	cloth simulation	False	http://github.com/cristianbravo/cloth-simulation
andrew-mccarthy/sassaparilla	sassaparilla	False	http://github.com/andrew-mccarthy/sassaparilla
gsales/facebook-chat-bot	facebook chat bot	False	http://github.com/gsales/facebook-chat-bot
unais/MATLAB-PROGRAMS-	m a t l a b p r o g r a m s	True	http://github.com/unais/MATLAB-PROGRAMS-
fionawang/test-example	test example	False	http://github.com/fionawang/test-example
sideroad/selenium-qunit-adapter	selenium qunit adapter	False	http://github.com/sideroad/selenium-qunit-adapter
gomobile/sample-cssanimation	sample cssanimation	False	http://github.com/gomobile/sample-cssanimation
kyoro/fluxflex_sample_fastcgi_perl_basic	fluxflex sample fastcgi perl basic	False	http://github.com/kyoro/fluxflex_sample_fastcgi_perl_basic
arun-vr/sample-phonegap	sample phonegap	False	http://github.com/arun-vr/sample-phonegap
eur00t/tableMapper	tablemapper	False	http://github.com/eur00t/tableMapper
yoblin/Picmail-Parser	picmail parser	False	http://github.com/yoblin/Picmail-Parser
runningwild/magnus	magnus	False	http://github.com/runningwild/magnus
jkongie/simple_form-bootstrap	simple form bootstrap	False	http://github.com/jkongie/simple_form-bootstrap
cakebread/django-sendsms	django sendsms	False	http://github.com/cakebread/django-sendsms
ajeliuc/OneupUploaderBundle	oneup uploader bundle	False	http://github.com/ajeliuc/OneupUploaderBundle
a-wai/ampfactory	ampfactory	False	http://github.com/a-wai/ampfactory
hackcraft-de/linwarrior	linwarrior	False	http://github.com/hackcraft-de/linwarrior
vlayik/play2-clickstart	play2 clickstart	False	http://github.com/vlayik/play2-clickstart
pranab/hoidla	hoidla	False	http://github.com/pranab/hoidla
olegpro/opencart-wediscountusergroups	opencart wediscountusergroups	False	http://github.com/olegpro/opencart-wediscountusergroups
AngelVale/sampleApp	sampleapp	False	http://github.com/AngelVale/sampleApp
jurberg/grails-js-components	grails js components	False	http://github.com/jurberg/grails-js-components
jrod01/sample_app	sample app	False	http://github.com/jrod01/sample_app
brownman/sprockets	sprockets	False	http://github.com/brownman/sprockets
dbpedia/dbpedia-wiktionary	dbpedia wiktionary	False	http://github.com/dbpedia/dbpedia-wiktionary
balping/ampache	ampache	False	http://github.com/balping/ampache
otaviofcs/iframe	iframe	False	http://github.com/otaviofcs/iframe
dimoreira/DMWebBrowserViewController	d m web browser view controller	False	http://github.com/dimoreira/DMWebBrowserViewController
calvinfo/ngen	ngen	False	http://github.com/calvinfo/ngen
nadnerb/bootstrap-datepicker	bootstrap datepicker	False	http://github.com/nadnerb/bootstrap-datepicker
igorsimoes/projeto_estatistica	projeto estatistica	False	http://github.com/igorsimoes/projeto_estatistica
HighPerformanceComputing/core	core	False	http://github.com/HighPerformanceComputing/core
josephmartz/chocolatejs	chocolatejs	False	http://github.com/josephmartz/chocolatejs
wegry/sample_app	sample app	False	http://github.com/wegry/sample_app
Geo-Piskas/DBMS_Implementation	d b m s implementation	False	http://github.com/Geo-Piskas/DBMS_Implementation
ryaan-anthony/credis	credis	False	http://github.com/ryaan-anthony/credis
duke-compsci308-spring2014/example_swing	example swing	False	http://github.com/duke-compsci308-spring2014/example_swing
osterwma/sample_app	sample app	False	http://github.com/osterwma/sample_app
lmrigo/Perl	perl	False	http://github.com/lmrigo/Perl
bogdangi/codeexamples	codeexamples	False	http://github.com/bogdangi/codeexamples
apendua/threejs-actions	threejs actions	False	http://github.com/apendua/threejs-actions
rolies106/DesignPatternsPHP	design patterns p h p	False	http://github.com/rolies106/DesignPatternsPHP
jpage52215/DND	d n d	False	http://github.com/jpage52215/DND
vinai-drive-by-commits/Aoe_FilePicker	aoe file picker	False	http://github.com/vinai-drive-by-commits/Aoe_FilePicker
digitalrinaldo/gitlabhq	gitlabhq	False	http://github.com/digitalrinaldo/gitlabhq
kato556/arcgis-runtime-samples-ios	arcgis runtime samples ios	False	http://github.com/kato556/arcgis-runtime-samples-ios
pastelpro/SimplePie	simple pie	False	http://github.com/pastelpro/SimplePie
gejigeji/vim-pathogen	vim pathogen	False	http://github.com/gejigeji/vim-pathogen
rijvirajib/duckduckgo	duckduckgo	False	http://github.com/rijvirajib/duckduckgo
dantesco/EvergreenAndroidApp	evergreen android app	False	http://github.com/dantesco/EvergreenAndroidApp
benfavre/vokuro	vokuro	False	http://github.com/benfavre/vokuro
henryaddison/Monty-Hall	monty hall	False	http://github.com/henryaddison/Monty-Hall
Pokugan/puppet-apt	puppet apt	False	http://github.com/Pokugan/puppet-apt
yokohamayogiri/api-samples	api samples	False	http://github.com/yokohamayogiri/api-samples
dkumaraguru/sample-application	sample application	False	http://github.com/dkumaraguru/sample-application
kevinfujiang/memcached-session-manager	memcached session manager	False	http://github.com/kevinfujiang/memcached-session-manager
vijeshtd1212/prisonmanagement	prisonmanagement	False	http://github.com/vijeshtd1212/prisonmanagement
ngiordano/android_device_samsung_epic4gtouch	android device samsung epic4gtouch	False	http://github.com/ngiordano/android_device_samsung_epic4gtouch
Lujaw/backbone.marionette-collection-example	backbone marionette collection example	False	http://github.com/Lujaw/backbone.marionette-collection-example
mikemey/trampletrack	trampletrack	False	http://github.com/mikemey/trampletrack
rizzatti/homebrew	homebrew	False	http://github.com/rizzatti/homebrew
malachite-sprite/basketball-AI	basketball ai	False	http://github.com/malachite-sprite/basketball-AI
drerebus01/homebrew	homebrew	False	http://github.com/drerebus01/homebrew
code4mani/ProjectOrange	project orange	False	http://github.com/code4mani/ProjectOrange
diegograssato/zf1-doctrine2-paginator-adapter	zf1 doctrine2 paginator adapter	False	http://github.com/diegograssato/zf1-doctrine2-paginator-adapter
cjuliansanchez/contact-manager	contact manager	False	http://github.com/cjuliansanchez/contact-manager
piojo/vsc-passwords	vsc passwords	False	http://github.com/piojo/vsc-passwords
aemtenan/Graphite	graphite	False	http://github.com/aemtenan/Graphite
gkotian/rag	rag	False	http://github.com/gkotian/rag
NadiaNasato/app_01	app  	False	http://github.com/NadiaNasato/app_01
i-housekeeping/homeagent	homeagent	False	http://github.com/i-housekeeping/homeagent
zubryan/CloudM	cloud m	False	http://github.com/zubryan/CloudM
cuongvo/razor	razor	False	http://github.com/cuongvo/razor
sebshader/homebrew	homebrew	False	http://github.com/sebshader/homebrew
amarurecor/cPlusPlus	cplusplus	False	http://github.com/amarurecor/cPlusPlus
getshameer/examples	examples	False	http://github.com/getshameer/examples
WinLinKer/salt	salt	False	http://github.com/WinLinKer/salt
KnightAR/superdAmn	superdamn	False	http://github.com/KnightAR/superdAmn
rgalindo33/PIM	p i m	False	http://github.com/rgalindo33/PIM
vladkens/phpsass	phpsass	False	http://github.com/vladkens/phpsass
ryanseddon/sourcemap-onerror	sourcemap onerror	False	http://github.com/ryanseddon/sourcemap-onerror
lutzk/sass_lib	sass lib	True	http://github.com/lutzk/sass_lib
cloudamqp/DotNetAmqpExample	dot net amqp example	False	http://github.com/cloudamqp/DotNetAmqpExample
kui/sample_blog	sample blog	False	http://github.com/kui/sample_blog
johanneswilm/django-allauth	django allauth	False	http://github.com/johanneswilm/django-allauth
klinskyc/rails-stripe-membership-saas	rails stripe membership saas	False	http://github.com/klinskyc/rails-stripe-membership-saas
amitgogte/pandas	pandas	True	http://github.com/amitgogte/pandas
xgrommx/angular-requirejs-html5boilerplate-seed	angular requirejs html5boilerplate seed	False	http://github.com/xgrommx/angular-requirejs-html5boilerplate-seed
TheNotary/ruby-windows-service-example	ruby windows service example	False	http://github.com/TheNotary/ruby-windows-service-example
andreazaupa/activeldap	activeldap	False	http://github.com/andreazaupa/activeldap
pieceofchum/sample_app	sample app	False	http://github.com/pieceofchum/sample_app
dstankie/dstankie.github.io	dstankie github io	False	http://github.com/dstankie/dstankie.github.io
DaytonaCE/USB-Disk-Ejector	u s b disk ejector	False	http://github.com/DaytonaCE/USB-Disk-Ejector
nbomberger/vim-pathogen	vim pathogen	False	http://github.com/nbomberger/vim-pathogen
kijoyin/cbconflictmgmt	cbconflictmgmt	False	http://github.com/kijoyin/cbconflictmgmt
noisedriver/java-sound-example-src	java sound example src	False	http://github.com/noisedriver/java-sound-example-src
javiertoledo/rack-iframe	rack iframe	False	https://github.com/javiertoledo/rack-iframe
JeromeLefebvre/ProjectEuler	project euler	False	http://github.com/JeromeLefebvre/ProjectEuler
barnettdan/gimme-assets	gimme assets	False	http://github.com/barnettdan/gimme-assets
perecc/libcdio	libcdio	False	http://github.com/perecc/libcdio
francispedraza/sample_app	sample app	False	http://github.com/francispedraza/sample_app
f9tech/joomla-cms	joomla cms	False	http://github.com/f9tech/joomla-cms
Aeryk/NixQuest	nix quest	False	https://github.com/Aeryk/NixQuest
pmgllc/Genesis-CRM	genesis c r m	False	http://github.com/pmgllc/Genesis-CRM
sean4500/aipd-wdim332.github.com	aipd wdim  github com	False	http://github.com/sean4500/aipd-wdim332.github.com
sirzxj/jquery-qrcode	jquery qrcode	False	http://github.com/sirzxj/jquery-qrcode
pmljm/beego-mgo	beego mgo	False	http://github.com/pmljm/beego-mgo
vSean/TopKure	top kure	False	http://github.com/vSean/TopKure
yangxao/sample_app2	facebook chat bot	False	http://github.com/yangxao/sample_app2
MCBTay/sample_app	sample app	False	http://github.com/MCBTay/sample_app
brandonhilkert/tracklog	tracklog	False	http://github.com/brandonhilkert/tracklog
morristech/Boot-Image-tools	boot image	False	http://github.com/morristech/Boot-Image-tools
paulhunt08/CouchPotatoServer	couch potato server	False	http://github.com/paulhunt08/CouchPotatoServer
azu/NSDateALive	n s date a live	False	http://github.com/azu/NSDateALive
Luit/libvmod-redis	libvmod redis	False	http://github.com/Luit/libvmod-redis
macx/GridLoadingEffects	grid loading effects	False	http://github.com/macx/GridLoadingEffects
saidimu/django-drip	django drip	False	http://github.com/saidimu/django-drip
chekkan/SharePointWCFSeed	share point w c f seed	False	http://github.com/chekkan/SharePointWCFSeed
djelic/cms	cms	False	http://github.com/djelic/cms
gianpaj/chateau	chateau	False	http://github.com/gianpaj/chateau
gborelli/Products.CMFPlone	products c m f plone	False	http://github.com/gborelli/Products.CMFPlone
w00w00/PHP-Simple-Daemon	p h p simple daemon	False	http://github.com/w00w00/PHP-Simple-Daemon
claylo/rubyblue	rubyblue	False	http://github.com/claylo/rubyblue
RubenVerborgh/node-discount	node discount	False	http://github.com/RubenVerborgh/node-discount
coling/libcec	libcec	False	http://github.com/coling/libcec
bruninhobts/sample-phonegap-camera	sample phonegap camera	False	http://github.com/bruninhobts/sample-phonegap-camera
testaccordent/SampleTypeScript	sample type script	False	http://github.com/testaccordent/SampleTypeScript
familialyh/iphone-3.0-cookbook-	iphone 3 0 cookbook 	False	http://github.com/familialyh/iphone-3.0-cookbook-
Shannning/LearnPythonTheHardWay	learn python the hard way	False	http://github.com/Shannning/LearnPythonTheHardWay
shrenik/mysite	mysite	False	http://github.com/shrenik/mysite
fvitalba/MovieManager	movie manager	False	http://github.com/fvitalba/MovieManager
Cheverda/workaholic	workaholic	False	http://github.com/Cheverda/workaholic
rahularora/EmailAuthorPrediction	email author prediction	False	http://github.com/rahularora/EmailAuthorPrediction
SLunney/DosaSite	dosa site	False	http://github.com/SLunney/DosaSite
kawapanda3/puripon	puripon	False	http://github.com/kawapanda3/puripon
xstreck1/Database	database	False	http://github.com/xstreck1/Database
wenfeng417/FullScreenMario	full screen mario	False	http://github.com/wenfeng417/FullScreenMario
rchards/house-prices	house prices	True	http://github.com/rchards/house-prices
EliseoHack/Guia-sobre-Git-Github-y-Metodologia-de-Desarrollo-de-Software-usando-Git-y-Github	guia git github metodologia desarrollo software git github	False	http://github.com/EliseoHack/Guia-sobre-Git-Github-y-Metodologia-de-Desarrollo-de-Software-usando-Git-y-Github
hugojosefson/maven-android-plugin-samples	maven android plugin samples	False	http://github.com/hugojosefson/maven-android-plugin-samples
ibank/fake-s3	fake s3	False	http://github.com/ibank/fake-s3
javagg/shell	shell	False	http://github.com/javagg/shell
jaechoon2/angularjs-requirejs-seed	angularjs requirejs seed	False	http://github.com/jaechoon2/angularjs-requirejs-seed
cerb-plugins/wgm.hipchat	wgm hipchat	False	http://github.com/cerb-plugins/wgm.hipchat
kurochenko/spring-apache-tiles-example	spring apache tiles example	False	http://github.com/kurochenko/spring-apache-tiles-example
toi9lanam/Example	example	False	http://github.com/toi9lanam/Example
jstasiak/gevent-socketio	gevent socketio	False	http://github.com/jstasiak/gevent-socketio
baynezy/numberpicker	numberpicker	False	http://github.com/baynezy/numberpicker
billy-ran-away/copyable_activerecord	copyable activerecord	False	http://github.com/billy-ran-away/copyable_activerecord
proctorjordon/cdia	cdia	False	http://github.com/proctorjordon/cdia
Scanium/Kampfsimulator	kampfsimulator	False	http://github.com/Scanium/Kampfsimulator
vialiy/postmessage	postmessage	False	http://github.com/vialiy/postmessage
rbxbx/homebrew	homebrew	False	http://github.com/rbxbx/homebrew
tommy92/monterail_test_task	monterail test task	False	http://github.com/tommy92/monterail_test_task
CSCI577Heracles/Proj1_Data	proj data	False	http://github.com/CSCI577Heracles/Proj1_Data
AkademieOlympia/PyBitmessage	py bitmessage	False	http://github.com/AkademieOlympia/PyBitmessage
stugrey/LuxRenderExamples	lux render examples	False	http://github.com/stugrey/LuxRenderExamples
DannyDeng2014/CocoaSampleCode	cocoa sample code	False	http://github.com/DannyDeng2014/CocoaSampleCode
JESii/rails3-devise-rspec-cucumber	rails3 devise rspec cucumber	False	http://github.com/JESii/rails3-devise-rspec-cucumber
ToddGenger/Todd-Genger	todd genger	False	http://github.com/ToddGenger/Todd-Genger
rik0/number-crunching	number crunching	True	http://github.com/rik0/number-crunching
Keqi/activerecord-sqlserver-adapter	activerecord sqlserver adapter	False	http://github.com/Keqi/activerecord-sqlserver-adapter
onshi/sample_app	sample app	False	http://github.com/onshi/sample_app
riccieri/requirejs	requirejs	False	http://github.com/riccieri/requirejs
thurs/Terasology	terasology	False	http://github.com/thurs/Terasology
yefb/knockout-users	knockout users	False	http://github.com/yefb/knockout-users
signalkraft/guacamole	guacamole	False	http://github.com/signalkraft/guacamole
jfennell/homebrew	homebrew	False	http://github.com/jfennell/homebrew
neg8/chrome-app-samples	chrome app samples	False	http://github.com/neg8/chrome-app-samples
ceekr/spring-data-jpa-examples	spring data jpa examples	False	http://github.com/ceekr/spring-data-jpa-examples
petermdamato/omrails	omrails	False	http://github.com/petermdamato/omrails
tspaulino/passenger_manager	passenger manager	False	http://github.com/tspaulino/passenger_manager
sergio-af/nodejs-factory-1	nodejs factory 1	False	http://github.com/sergio-af/nodejs-factory-1
cran/PKI	p k i	False	http://github.com/cran/PKI
MarqueIV/samples	samples	False	http://github.com/MarqueIV/samples
askhogan/TSMessages	t s messages	False	http://github.com/askhogan/TSMessages
a2ikm/github-post-receive-hook-sample	github post receive hook sample	False	http://github.com/a2ikm/github-post-receive-hook-sample
gitpan/Apache-FileManager	apache file manager	False	http://github.com/gitpan/Apache-FileManager
lwndev/stash-vagrant-install	stash vagrant install	False	http://github.com/lwndev/stash-vagrant-install
manousos/spring-roo-in-action-examples	spring roo in action examples	False	http://github.com/manousos/spring-roo-in-action-examples
udaykadaboina/ViralMessageBoard	viral message board	False	http://github.com/udaykadaboina/ViralMessageBoard
Grafikart/AngularJS-Routing	angular j s routing	False	http://github.com/Grafikart/AngularJS-Routing
Snazz2001/sampling	sampling	True	http://github.com/Snazz2001/sampling
klerus/AndroidLabs	android labs	False	http://github.com/klerus/AndroidLabs
kggolf/DistanceTracker-master	distance tracker	False	http://github.com/kggolf/DistanceTracker-master
pierregm/scikits.hydroclimpy-applications	scikits hydroclimpy applications	True	http://github.com/pierregm/scikits.hydroclimpy-applications
rgordon/hellogitworld	hellogitworld	False	http://github.com/rgordon/hellogitworld
signdrive/mangos	mangos	False	http://github.com/signdrive/mangos
Rokk6/GPSExample	g p s example	False	http://github.com/Rokk6/GPSExample
sasajun/sasajun	sasajun	False	http://github.com/sasajun/sasajun
Dinawhk/pyload	pyload	False	http://github.com/Dinawhk/pyload
johnerichumphries/julia	julia	True	http://github.com/johnerichumphries/julia
herrfz/euler	euler	True	http://github.com/herrfz/euler
ifedorenko/gargoyle	gargoyle	False	http://github.com/ifedorenko/gargoyle
mikestecker/html5-boilerplate	html5 boilerplate	False	http://github.com/mikestecker/html5-boilerplate
bafsheh/scdapp_android-master	scdapp android master	False	http://github.com/bafsheh/scdapp_android-master
jiuyueshouyi/msgpack-c	msgpack c	False	http://github.com/jiuyueshouyi/msgpack-c
ntu-android/packages_apps_DeviceStatus	packages apps devicestatus	False	http://github.com/ntu-android/packages_apps_DeviceStatus
berthojoris/BB10-WebWorks-Samples	b b web works samples	False	http://github.com/berthojoris/BB10-WebWorks-Samples
jtdaugherty/mathblog	mathblog	True	http://github.com/jtdaugherty/mathblog
aponomarev/urdl	urdl	False	http://github.com/aponomarev/urdl
mozilla/memchaser	memchaser	False	http://github.com/mozilla/memchaser
huangmoyue/rmini	rmini	False	http://github.com/huangmoyue/rmini
hmuronaka/SettingSample	setting sample	False	http://github.com/hmuronaka/SettingSample
apike/WebViewJavascriptBridge	web view javascript bridge	False	http://github.com/apike/WebViewJavascriptBridge
aindigo/blockify-docs-and-nodejs	blockify docs and nodejs	False	http://github.com/aindigo/blockify-docs-and-nodejs
Ival/spine.contacts	spine contacts	False	http://github.com/Ival/spine.contacts
Lulen123/NDK-Samples	n d k samples	False	http://github.com/Lulen123/NDK-Samples
kerneltravel/MyDisk	my disk	False	http://github.com/kerneltravel/MyDisk
wp-plugins/agregador-de-links-pastando	agregador de links pastando	False	http://github.com/wp-plugins/agregador-de-links-pastando
lpanusz/geb-demo	geb demo	False	http://github.com/lpanusz/geb-demo
Joe11000/KittyKarnage	kitty karnage	False	http://github.com/Joe11000/KittyKarnage
habari-extras/cpg	cpg	False	http://github.com/habari-extras/cpg
davgit/clowncar	clowncar	False	http://github.com/davgit/clowncar
dndiaye/mavenJs	mavenjs	False	http://github.com/dndiaye/mavenJs
zengchao/spring-android-samples	spring android samples	False	http://github.com/zengchao/spring-android-samples
wileynet/AndEngineExamples	and engine examples	False	http://github.com/wileynet/AndEngineExamples
marksl/project-euler-java	project euler java	False	http://github.com/marksl/project-euler-java
aciliketcap/fakearp	fakearp	False	http://github.com/aciliketcap/fakearp
kevinlorenzana/sample-repository	sample repository	False	http://github.com/kevinlorenzana/sample-repository
pparamalingam/EducationPlusPlus	education plus plus	False	http://github.com/pparamalingam/EducationPlusPlus
BlaiseRitchie/CPlusPlusUtil	c plus plus util	False	http://github.com/BlaiseRitchie/CPlusPlusUtil
balinterdi/zsh-simple	zsh simple	False	http://github.com/balinterdi/zsh-simple
palabd123/codesamples-java	codesamples java	False	http://github.com/palabd123/codesamples-java
razlachyani/MessageBroker	message broker	False	http://github.com/razlachyani/MessageBroker
nitinkumarP/getting-started-webgl-with-threejs	getting started webgl with threejs	False	http://github.com/nitinkumarP/getting-started-webgl-with-threejs
JonDum/PJAX-Standalone	p j a x standalone	False	http://github.com/JonDum/PJAX-Standalone
ediocares/originalrepo	originalrepo	False	http://github.com/ediocares/originalrepo
newhopeks/wp-newhopeks	wp newhopeks	False	http://github.com/newhopeks/wp-newhopeks
ruairiquinn/styleguides	styleguides	False	http://github.com/ruairiquinn/styleguides
sigh0829/Navigation-drawer-page-sliding-tab-strip	navigation	False	http://github.com/sigh0829/Navigation-drawer-page-sliding-tab-strip
ilmotta/json-path-examples	json path examples	False	http://github.com/ilmotta/json-path-examples
phamann/webperf	webperf	False	http://github.com/phamann/webperf
NaturalSolutions/ecoReleve	ecoreleve	True	http://github.com/NaturalSolutions/ecoReleve
rodoprogramador/argentinian-expression	argentinian expression	False	http://github.com/rodoprogramador/argentinian-expression
jfoucher/dropship	dropship	False	http://github.com/jfoucher/dropship
bijukunjummen/gs-messaging-stomp-websocket	gs messaging stomp websocket	False	http://github.com/bijukunjummen/gs-messaging-stomp-websocket
explicitcall/SLCoreDataStack	s l core data stack	False	http://github.com/explicitcall/SLCoreDataStack
thepian/theapps	theapps	False	http://github.com/thepian/theapps
tara-fenton/orange-actionscript-video	orange actionscript video	False	http://github.com/tara-fenton/orange-actionscript-video
ezarko/jquery-mockjax	jquery mockjax	False	http://github.com/ezarko/jquery-mockjax
HappyTreeSpirit/explore_california	explore california	False	http://github.com/HappyTreeSpirit/explore_california
Eng-Israa/Code4Reference	code reference	False	http://github.com/Eng-Israa/Code4Reference
masterjaz/BExplorer_Translations	b explorer translations	False	http://github.com/masterjaz/BExplorer_Translations
marco76/AgileMan	agile man	False	http://github.com/marco76/AgileMan
PascalPrecht/adaptive-detection	adaptive detection	False	http://github.com/PascalPrecht/adaptive-detection
bmattei/sample_app	sample app	False	http://github.com/bmattei/sample_app
juanda90/KaratsubaMultiplicator	karatsuba multiplicator	False	http://github.com/juanda90/KaratsubaMultiplicator
timcolonel/i18n_admin_utils	i n admin utils	False	http://github.com/timcolonel/i18n_admin_utils
uponff/CocoaPods	cocoa pods	False	http://github.com/uponff/CocoaPods
vanjakom/Playground	playground	False	http://github.com/vanjakom/Playground
INDIAN2020/php-vcache	php vcache	False	http://github.com/INDIAN2020/php-vcache
sstretten/Silex-Kitchen-Edition	silex kitchen edition	False	http://github.com/sstretten/Silex-Kitchen-Edition
lorian1333/utsdmanager	utsdmanager	False	http://github.com/lorian1333/utsdmanager
jacter/nodejs-proxy	nodejs proxy	False	http://github.com/jacter/nodejs-proxy
musakarakas/spine-contacts	spine contacts	False	http://github.com/musakarakas/spine-contacts
pczeglik/requirejs	requirejs	False	http://github.com/pczeglik/requirejs
AdnanITGroup/AGSCMS	a g s c m s	False	http://github.com/AdnanITGroup/AGSCMS
dierbro/ember-endless-scroll-example	ember endless scroll example	False	http://github.com/dierbro/ember-endless-scroll-example
richardszalay/machine.vstestadapter	machine vstestadapter	False	http://github.com/richardszalay/machine.vstestadapter
sethladd/angulardart-sample-app	angulardart sample app	False	http://github.com/sethladd/angulardart-sample-app
royka/code_academy	code academy	False	http://github.com/royka/code_academy
von/host_manager	host manager	False	http://github.com/von/host_manager
pbendersky/CDMigration	c d migration	False	http://github.com/pbendersky/CDMigration
joshrendek/Erlang-Deck	erlang deck	False	http://github.com/joshrendek/Erlang-Deck
brentpayne/django-celery-example	django celery example	False	http://github.com/brentpayne/django-celery-example
MihaiVdv/ExampleMaven	example maven	False	http://github.com/MihaiVdv/ExampleMaven
thomasbabuj/fb-groups-manager	fb groups manager	False	http://github.com/thomasbabuj/fb-groups-manager
grapeot/AdHocSimulator	ad hoc simulator	False	http://github.com/grapeot/AdHocSimulator
acrees/clio	clio	False	http://github.com/acrees/clio
bufanwyl/MBMvc	m b mvc	False	http://github.com/bufanwyl/MBMvc
jhcasado/cdm-simple	cdm simple	False	http://github.com/jhcasado/cdm-simple
jeffjunior/Repo-Origin	repo origin	False	http://github.com/jeffjunior/Repo-Origin
edvinasme/dotfiles	dotfiles	False	http://github.com/edvinasme/dotfiles
benmanu/sass-bootstrap	sass bootstrap	False	http://github.com/benmanu/sass-bootstrap
credevator/examples	examples	False	http://github.com/credevator/examples
d23671/MultiThreadChat	multi thread chat	False	http://github.com/d23671/MultiThreadChat
reite/puppet-nginx	puppet nginx	False	http://github.com/reite/puppet-nginx
dpackcartonmachine/ink-flexible-printer-machine--455687	ink flexible printer machine   	False	http://github.com/dpackcartonmachine/ink-flexible-printer-machine--455687
janroesner/machinist_mongo	machinist mongo	False	http://github.com/janroesner/machinist_mongo
aakture/stack-examples.g8	stack examples g8	False	http://github.com/aakture/stack-examples.g8
danielmelo89/generator-yomonger	generator yomonger	False	http://github.com/danielmelo89/generator-yomonger
krahman/Ext.NET.Samples	ext n e t samples	False	http://github.com/krahman/Ext.NET.Samples
n2yo/node-js-sample-empty	node js sample empty	False	http://github.com/n2yo/node-js-sample-empty
LiuCaiHe/html5-boilerplate	html5 boilerplate	False	http://github.com/LiuCaiHe/html5-boilerplate
matt-goldstein/WP8LocalDbExample	w p local db example	False	http://github.com/matt-goldstein/WP8LocalDbExample
BridgitD/DC-Emergency-Response	d c emergency response	False	http://github.com/BridgitD/DC-Emergency-Response
mattparker/lamplighthelp	lamplighthelp	False	http://github.com/mattparker/lamplighthelp
patrickbeeson/storefront	storefront	False	http://github.com/patrickbeeson/storefront
nebhale/homebrew	homebrew	False	http://github.com/nebhale/homebrew
ideum/gestureworks-flash-examples	gestureworks flash examples	False	http://github.com/ideum/gestureworks-flash-examples
LawrenceLeung/arduino-makefile	arduino makefile	False	http://github.com/LawrenceLeung/arduino-makefile
fnstudio/minimal-django-file-upload-example	minimal django file upload example	False	http://github.com/fnstudio/minimal-django-file-upload-example
hbhzwj/zetasim	zetasim	False	http://github.com/hbhzwj/zetasim
OniQ/Compressor	compressor	False	http://github.com/OniQ/Compressor
RegiePinat/GCDExample	g c d example	False	http://github.com/RegiePinat/GCDExample
seacoastboy/samples	samples	False	http://github.com/seacoastboy/samples
antoniodesouza/sample-1	sample 1	False	http://github.com/antoniodesouza/sample-1
venkateshprabu/testrepo	testrepo	False	http://github.com/venkateshprabu/testrepo
plaidlock/plaidlock.com	plaidlock com	False	http://github.com/plaidlock/plaidlock.com
drxspace/nautilus-scripts	nautilus scripts	False	http://github.com/drxspace/nautilus-scripts
TeWu/episode-287	episode  	False	http://github.com/TeWu/episode-287
ACTech/AVR-VS4T1	a v r v s t	False	http://github.com/ACTech/AVR-VS4T1
Mickie/ruby-start	ruby start	False	http://github.com/Mickie/ruby-start
cmachine/SamplePython	sample python	False	http://github.com/cmachine/SamplePython
loloko/Mobii	mobii	False	http://github.com/loloko/Mobii
liuwenchao/nodejs-starter	nodejs starter	False	http://github.com/liuwenchao/nodejs-starter
mpuig/Django-GeoPlanet-Explorer	django geo planet explorer	False	http://github.com/mpuig/Django-GeoPlanet-Explorer
jgf/smali-analysis	smali analysis	False	http://github.com/jgf/smali-analysis
tinali1989/rvm	rvm	False	http://github.com/tinali1989/rvm
fizzco/medi_sample	medi sample	False	http://github.com/fizzco/medi_sample
k2workflow/Samples.MessageBus.ProcessStarter	samples message bus process starter	False	http://github.com/k2workflow/Samples.MessageBus.ProcessStarter
ifullinwider/ec2-ssh	ec2 ssh	False	http://github.com/ifullinwider/ec2-ssh
yabiku/sample_app	sample app	False	http://github.com/yabiku/sample_app
piavlo/logstash	logstash	False	http://github.com/piavlo/logstash
jdleesmiller/hola	hola	False	http://github.com/jdleesmiller/hola
soywiz/nphp	nphp	False	http://github.com/soywiz/nphp
construct-framework/ubuntuism5	ubuntuism5	False	http://github.com/construct-framework/ubuntuism5
jakzale/sample_app	sample app	False	http://github.com/jakzale/sample_app
beaubol/knowd-openid-spring-sample	knowd openid spring sample	False	http://github.com/beaubol/knowd-openid-spring-sample
djmitche/polyeuler	polyeuler	False	http://github.com/djmitche/polyeuler
rolidabnist/thumbs-plus-free-download	thumbs plus free download	False	http://github.com/rolidabnist/thumbs-plus-free-download
shashankmc/moodle	moodle	False	http://github.com/shashankmc/moodle
rodzflores/BesasTherapy	besas therapy	False	http://github.com/rodzflores/BesasTherapy
msabramo/pythonz	pythonz	False	http://github.com/msabramo/pythonz
kodehub/TerminalShortcuts.kdapp	terminal shortcuts	False	http://github.com/kodehub/TerminalShortcuts.kdapp
mathnathan/OpenCV	open c v	False	http://github.com/mathnathan/OpenCV
tzu-yen/scikit-learn-tutorial	scikit learn tutorial	True	http://github.com/tzu-yen/scikit-learn-tutorial
fshahzad/PixelKit-Bootstrap-UI-Kits	pixel kit bootstrap u i kits	False	http://github.com/fshahzad/PixelKit-Bootstrap-UI-Kits
tjoskar/script.episodeHunter	script episodehunter	False	http://github.com/tjoskar/script.episodeHunter
dpackcartonmachine/Full-automatic-printer-with-rotary-die-cutter-machine--414718	full	False	http://github.com/dpackcartonmachine/Full-automatic-printer-with-rotary-die-cutter-machine--414718
oconnort/SASS-TECH-TALK	s a s s t e c h t a l k	False	http://github.com/oconnort/SASS-TECH-TALK
jlyan/sample_app	sample app	False	http://github.com/jlyan/sample_app
albhasan/rsstd	rsstd	False	http://github.com/albhasan/rsstd
IroNCorR/mintinstall	mintinstall	False	http://github.com/IroNCorR/mintinstall
P-Connolly/Tempus	tempus	False	http://github.com/P-Connolly/Tempus
massimiliano-giroldi/oh-my-zsh	oh my zsh	False	http://github.com/massimiliano-giroldi/oh-my-zsh
Jellappa/monotouch-samples	monotouch samples	False	http://github.com/Jellappa/monotouch-samples
dkraminov/openstreetmap-carto	openstreetmap carto	False	http://github.com/dkraminov/openstreetmap-carto
blunden/TALDownloader	t a l downloader	False	http://github.com/blunden/TALDownloader
srnemo/ralm	ralm	False	http://github.com/srnemo/ralm
minaguib/salt	salt	False	http://github.com/minaguib/salt
aisaacroth/howdoi	howdoi	False	http://github.com/aisaacroth/howdoi
gootoomoon/maple-ide	maple ide	False	http://github.com/gootoomoon/maple-ide
yoyodesign/yoyosassstyle	yoyosassstyle	True	http://github.com/yoyodesign/yoyosassstyle
henryford/XBMC_EventClients	x b m c event clients	False	http://github.com/henryford/XBMC_EventClients
mohamedmansour/blanket	blanket	False	http://github.com/mohamedmansour/blanket
bjhm/PHP	p h p	False	http://github.com/bjhm/PHP
hauleth/vim-coloresque	vim coloresque	False	http://github.com/hauleth/vim-coloresque
heera/north	north	False	http://github.com/heera/north
bkrieger/iPhone-App-Board	iphone app board	False	http://github.com/bkrieger/iPhone-App-Board
ftes/de.uni-potsdam.hpi.kpp.heatmap-pthreads-c	de uni potsdam hpi kpp heatmap pthreads c	False	http://github.com/ftes/de.uni-potsdam.hpi.kpp.heatmap-pthreads-c
anytocjh88/nPM	npm	False	http://github.com/anytocjh88/nPM
Alexandre-Herve/sample_app	sample app	False	http://github.com/Alexandre-Herve/sample_app
oceanwu/Android-File-Manager	android file manager	False	http://github.com/oceanwu/Android-File-Manager
DracoBlue/symfony-cmf-docs	symfony cmf docs	False	http://github.com/DracoBlue/symfony-cmf-docs
zazaian/audiotron	audiotron	False	http://github.com/zazaian/audiotron
bcui6611/statsmodels	statsmodels	True	http://github.com/bcui6611/statsmodels
zzJekazz/gst-recipes	gst recipes	False	http://github.com/zzJekazz/gst-recipes
AshwinNBhanushali/dropwizard-todo	dropwizard todo	False	http://github.com/AshwinNBhanushali/dropwizard-todo
gilhyun/sass-twitter-bootstrap	sass twitter bootstrap	False	http://github.com/gilhyun/sass-twitter-bootstrap
koepalex/cleanCodeWorkshop	cleancodeworkshop	False	http://github.com/koepalex/cleanCodeWorkshop
suleymanozev/Laravel-Guard	laravel guard	False	http://github.com/suleymanozev/Laravel-Guard
the-kenny/nixos	nixos	False	http://github.com/the-kenny/nixos
dadepo/Padly	padly	False	http://github.com/dadepo/Padly
atskimura/jekyll-with-instantclick	jekyll with instantclick	False	http://github.com/atskimura/jekyll-with-instantclick
dheera/android-googlepinyin-dvorak	android googlepinyin dvorak	False	http://github.com/dheera/android-googlepinyin-dvorak
Arquisoft/observaTerraPlay	observaterraplay	False	http://github.com/Arquisoft/observaTerraPlay
ckaenzig/puppet-java	puppet java	False	http://github.com/ckaenzig/puppet-java
gilbertw1/oh-my-zsh	oh my zsh	False	http://github.com/gilbertw1/oh-my-zsh
novapython/dgentledjango	dgentledjango	False	http://github.com/novapython/dgentledjango
cyzipdesign/NodeExamples	node examples	False	http://github.com/cyzipdesign/NodeExamples
turadg/datejs-rails	datejs rails	False	http://github.com/turadg/datejs-rails
discalced/metaq	metaq	False	http://github.com/discalced/metaq
sarawutp/spring-integration-samples	spring integration samples	False	http://github.com/sarawutp/spring-integration-samples
Orange15/DeepLearnToolbox	deep learn toolbox	True	http://github.com/Orange15/DeepLearnToolbox
vvworm/etherpad-lite	etherpad lite	False	http://github.com/vvworm/etherpad-lite
jwilberding/epax	epax	False	http://github.com/jwilberding/epax
airsun/backlog	backlog	False	http://github.com/airsun/backlog
itiut/project-euler	project euler	False	http://github.com/itiut/project-euler
BednayaSpolka/SignOn	sign on	False	http://github.com/BednayaSpolka/SignOn
hades/rtl8812au	rtl au	False	http://github.com/hades/rtl8812au
nalamapu/slims7_cendana	slims7 cendana	False	http://github.com/nalamapu/slims7_cendana
jeremyworboys/html5-boilerplate	html5 boilerplate	False	http://github.com/jeremyworboys/html5-boilerplate
maxxst/statamic-plugin-loginform	statamic plugin loginform	False	http://github.com/maxxst/statamic-plugin-loginform
Qiongyi/RNASeqReadSimulator	r n a seq read simulator	False	http://github.com/Qiongyi/RNASeqReadSimulator
koolapps/conf-cal	conf cal	False	http://github.com/koolapps/conf-cal
andersbjorklund/urban-explorer-game	urban explorer game	False	http://github.com/andersbjorklund/urban-explorer-game
chibinowa/docidpicker	docidpicker	False	http://github.com/chibinowa/docidpicker
jdowns/ansible	ansible	False	http://github.com/jdowns/ansible
jatkins/sweetsie	sweetsie	False	http://github.com/jatkins/sweetsie
pyarun/django-blog-zinnia	django blog zinnia	False	http://github.com/pyarun/django-blog-zinnia
previousnext/puppet-php	puppet php	False	http://github.com/previousnext/puppet-php
talkvip/HCDownload	h c download	False	http://github.com/talkvip/HCDownload
oggyindahouse/Remote-Preview	remote preview	False	http://github.com/oggyindahouse/Remote-Preview
todin/barclamp-ipmi	barclamp ipmi	False	http://github.com/todin/barclamp-ipmi
abailly/haskell-synthesizer	haskell synthesizer	False	http://github.com/abailly/haskell-synthesizer
jimfmunro/django-alert	django alert	False	http://github.com/jimfmunro/django-alert
0s30s1s/rails3scaffold	rails3scaffold	False	http://github.com/0s30s1s/rails3scaffold
Fursje/sekreta	sekreta	False	http://github.com/Fursje/sekreta
deeping/android_packages_apps_CMFileManager	android packages apps cmfilemanager	False	http://github.com/deeping/android_packages_apps_CMFileManager
jroszkiewicz/listbox.js	listbox js	False	http://github.com/jroszkiewicz/listbox.js
