"","repository_name","repository_name_lower","count","repo_names_clean"
"76","-","-",97403,"-"
"396","---------","---------",30603,"---------"
"410","001","001",29969,"001"
"234","2048","2048",45931,"2048"
"269","3akai-ux","3akai-ux",41017,"3akai-ux"
"319","4chan-x","4chan-x",35960,"4chan-x"
"992","aaaajunk.github.com","aaaajunk.github.com",16163,"aaaajunk.github.com"
"346","ace","ace",33986,"ace"
"512","ActionBarSherlock","actionbarsherlock",25216,"actionbarsherlock"
"276","active_admin","active_admin",40420,"active_admin"
"603","active_merchant","active_merchant",22878,"active_merchant"
"707","addon-sdk","addon-sdk",20309,"addon-sdk"
"632","Aeon-Nox","aeon-nox",21896,"aeon-nox"
"219","AFNetworking","afnetworking",47589,"afnetworking"
"935","AGM","agm",16799,"agm"
"118","akka","akka",73619,"akka"
"354","algorithms","algorithms",33218,"algorithms"
"678","Algorithms","algorithms",20940,"algorithms"
"687","alloy-ui","alloy-ui",20780,"alloy-ui"
"677","Aloha-Editor","aloha-editor",20952,"aloha-editor"
"489","ambrosia","ambrosia",25988,"ambrosia"
"35","android","android",161932,"android"
"454","Android","android",27616,"android"
"757","androidannotations","androidannotations",19560,"androidannotations"
"209","android_build","android_build",50612,"android_build"
"681","android_frameworks_av","android_frameworks_av",20899,"android_frameworks_av"
"27","android_frameworks_base","android_frameworks_base",176377,"android_frameworks_base"
"63","android_packages_apps_Settings","android_packages_apps_settings",105273,"android_packages_apps_settings"
"802","android_system_core","android_system_core",18689,"android_system_core"
"814","Android-Universal-Image-Loader","android-universal-image-loader",18416,"android-universal-image-loader"
"645","android_vendor_cm","android_vendor_cm",21703,"android_vendor_cm"
"700","angular.dart","angular.dart",20588,"angular.dart"
"29","angular.js","angular.js",173486,"angular.js"
"736","angular-seed","angular-seed",19765,"angular-seed"
"498","animate.css","animate.css",25738,"animate.css"
"58","ansible","ansible",111159,"ansible"
"235","api","api",45889,"api"
"53","app","app",124876,"app"
"259","appium","appium",42481,"appium"
"361","apps","apps",32793,"apps"
"610","ArangoDB","arangodb",22556,"arangodb"
"447","Archangel_2.4.3_Bugtracker","archangel_2.4.3_bugtracker",27883,"archangel_2.4.3_bugtracker"
"382","Arduino","arduino",31324,"arduino"
"618","ardupilot","ardupilot",22222,"ardupilot"
"450","AsteroidTrackerService","asteroidtrackerservice",27776,"asteroidtrackerservice"
"155","astropy","astropy",60508,"astropy"
"655","async","async",21557,"async"
"124","AtlantissCore","atlantisscore",68745,"atlantisscore"
"546","atlas","atlas",24331,"atlas"
"442","atmosphere","atmosphere",28092,"atmosphere"
"236","atom","atom",45825,"atom"
"725","attic","attic",19950,"attic"
"787","aura","aura",19036,"aura"
"718","autolander-test","autolander-test",20112,"autolander-test"
"803","autotest","autotest",18686,"autotest"
"756","avalon","avalon",19564,"avalon"
"528","azure-sdk-tools","azure-sdk-tools",24768,"azure-sdk-tools"
"840","b3log-solo","b3log-solo",18156,"b3log-solo"
"133","backbone","backbone",65940,"backbone"
"929","backbone-fundamentals","backbone-fundamentals",16873,"backbone-fundamentals"
"316","backbone.marionette","backbone.marionette",36268,"backbone.marionette"
"556","backup","backup",24029,"backup"
"892","baker","baker",17464,"baker"
"913","balanced-dashboard","balanced-dashboard",17092,"balanced-dashboard"
"791","base","base",19001,"base"
"157","Baystation12","baystation12",59635,"baystation12"
"613","BB10-WebWorks-Framework","bb10-webworks-framework",22520,"bb10-webworks-framework"
"113","bcom-homepage-archive","bcom-homepage-archive",77349,"bcom-homepage-archive"
"249","bedrock","bedrock",43811,"bedrock"
"784","bikesharestats","bikesharestats",19102,"bikesharestats"
"735","bin","bin",19765,"bin"
"551","bind","bind",24161,"bind"
"504","bioformats","bioformats",25617,"bioformats"
"68","bitcoin","bitcoin",103077,"bitcoin"
"31","bitstarter","bitstarter",169517,"bitstarter"
"868","blacklight","blacklight",17763,"blacklight"
"436","blink","blink",28495,"blink"
"7","blog","blog",426379,"blog"
"292","Blog","blog",38266,"blog"
"953","bokeh","bokeh",16568,"bokeh"
"418","bolt","bolt",29546,"bolt"
"426","book","book",29103,"book"
"156","boost","boost",59912,"boost"
"12","bootstrap","bootstrap",350159,"bootstrap"
"693","bootstrap-datepicker","bootstrap-datepicker",20662,"bootstrap-datepicker"
"641","bootstrap-sass","bootstrap-sass",21762,"bootstrap-sass"
"961","bosh","bosh",16442,"bosh"
"477","boto","boto",26527,"boto"
"359","bower","bower",32905,"bower"
"37","brackets","brackets",157944,"brackets"
"365","BrandyMintApp","brandymintapp",32488,"brandymintapp"
"560","brooklyn","brooklyn",23958,"brooklyn"
"306","browserid","browserid",36989,"browserid"
"832","BrowserQuest","browserquest",18213,"browserquest"
"982","Bugtracker-Infinium-4.3.4","bugtracker-infinium-4.3.4",16288,"bugtracker-infinium-4.3.4"
"569","build","build",23773,"build"
"448","buildbot","buildbot",27836,"buildbot"
"502","BuildCraft","buildcraft",25649,"buildcraft"
"842","buildhistory","buildhistory",18127,"buildhistory"
"753","Bukkit","bukkit",19605,"bukkit"
"537","bundler","bundler",24509,"bundler"
"242","butter","butter",45173,"butter"
"462","cabal","cabal",27232,"cabal"
"576","caffe","caffe",23555,"caffe"
"65","cakephp","cakephp",104707,"cakephp"
"517","calcentral","calcentral",25069,"calcentral"
"861","Calculator","calculator",17838,"calculator"
"538","calendar","calendar",24502,"calendar"
"932","canjs","canjs",16827,"canjs"
"987","canvas-lms","canvas-lms",16197,"canvas-lms"
"743","capistrano","capistrano",19707,"capistrano"
"701","cappuccino","cappuccino",20571,"cappuccino"
"611","cartodb","cartodb",22537,"cartodb"
"962","cas","cas",16439,"cas"
"601","cassandra","cassandra",22946,"cassandra"
"85","Cataclysm-DDA","cataclysm-dda",88726,"cataclysm-dda"
"651","Catroid","catroid",21599,"catroid"
"298","cdnjs","cdnjs",37666,"cdnjs"
"630","celery","celery",21973,"celery"
"128","ceph","ceph",67566,"ceph"
"225","cesium","cesium",46414,"cesium"
"675","ceylon-compiler","ceylon-compiler",20983,"ceylon-compiler"
"911","ceylon-spec","ceylon-spec",17101,"ceylon-spec"
"960","cfme_tests","cfme_tests",16446,"cfme_tests"
"827","cf-release","cf-release",18253,"cf-release"
"963","cgeo","cgeo",16432,"cgeo"
"406","c-geo-opensource","c-geo-opensource",30185,"c-geo-opensource"
"993","cgminer","cgminer",16158,"cgminer"
"536","Chart.js","chart.js",24511,"chart.js"
"679","chat","chat",20933,"chat"
"222","chef","chef",47069,"chef"
"761","chef-cookbooks","chef-cookbooks",19464,"chef-cookbooks"
"566","chef-repo","chef-repo",23840,"chef-repo"
"768","chess","chess",19370,"chess"
"281","chosen","chosen",39889,"chosen"
"810","chromium","chromium",18532,"chromium"
"338","Cinnamon","cinnamon",34820,"cinnamon"
"144","ci-tracking","ci-tracking",63390,"ci-tracking"
"385","civicrm-core","civicrm-core",31027,"civicrm-core"
"374","ckan","ckan",31937,"ckan"
"220","clang","clang",47581,"clang"
"785","class2go","class2go",19085,"class2go"
"751","Clementine","clementine",19627,"clementine"
"849","cli","cli",18021,"cli"
"988","client","client",16197,"client"
"309","cloud9","cloud9",36686,"cloud9"
"508","cmais-frontend","cmais-frontend",25501,"cmais-frontend"
"954","CMake","cmake",16564,"cmake"
"205","cms","cms",51518,"cms"
"47","cmssw","cmssw",132647,"cmssw"
"941","cobe","cobe",16747,"cobe"
"967","cockpit","cockpit",16418,"cockpit"
"275","CocoaPods","cocoapods",40685,"cocoapods"
"902","cocos2d-html5","cocos2d-html5",17335,"cocos2d-html5"
"71","cocos2d-x","cocos2d-x",100814,"cocos2d-x"
"229","code","code",46295,"code"
"646","codecombat","codecombat",21700,"codecombat"
"170","CodeIgniter","codeigniter",57771,"codeigniter"
"490","CodeMirror","codemirror",25980,"codemirror"
"366","coffee-script","coffee-script",32441,"coffee-script"
"642","coi-services","coi-services",21749,"coi-services"
"213","commcare-hq","commcare-hq",49874,"commcare-hq"
"598","common","common",23009,"common"
"765","commons","commons",19394,"commons"
"726","community","community",19945,"community"
"652","compass","compass",21598,"compass"
"188","composer","composer",53804,"composer"
"774","concrete5","concrete5",19297,"concrete5"
"102","config","config",80091,"config"
"326","configs","configs",35489,"configs"
"574","configuration","configuration",23582,"configuration"
"581","connect","connect",23356,"connect"
"908","contiki","contiki",17182,"contiki"
"695","cookbooks","cookbooks",20644,"cookbooks"
"5","core","core",460083,"core"
"485","Core","core",26105,"core"
"48","cosi_monitor","cosi_monitor",132105,"cosi_monitor"
"261","CouchPotatoServer","couchpotatoserver",42312,"couchpotatoserver"
"906","courses","courses",17198,"courses"
"352","cphalcon","cphalcon",33436,"cphalcon"
"367","CraftBukkit","craftbukkit",32423,"craftbukkit"
"609","crankcase","crankcase",22613,"crankcase"
"250","crosswalk","crosswalk",43389,"crosswalk"
"1000","crouton","crouton",16121,"crouton"
"336","crowbar","crowbar",34919,"crowbar"
"589","cryptography","cryptography",23199,"cryptography"
"579","curriculum","curriculum",23438,"curriculum"
"475","cv","cv",26598,"cv"
"122","d3","d3",70320,"d3"
"697","d3.fuzz.me.uk","d3.fuzz.me.uk",20613,"d3.fuzz.me.uk"
"995","d43-en","d43-en",16135,"d43-en"
"885","darktable","darktable",17515,"darktable"
"343","dashboard","dashboard",34415,"dashboard"
"39","data","data",156379,"data"
"547","database","database",24242,"database"
"22","datasciencecoursera","datasciencecoursera",212266,"datasciencecoursera"
"121","datasharing","datasharing",71337,"datasharing"
"398","DefinitelyTyped","definitelytyped",30498,"definitelytyped"
"372","deis","deis",32105,"deis"
"171","demo","demo",57676,"demo"
"795","Demo","demo",18919,"demo"
"24","demo_app","demo_app",183284,"demo_app"
"452","demos","demos",27636,"demos"
"300","depot","depot",37562,"depot"
"614","dev","dev",22501,"dev"
"388","devise","devise",30921,"devise"
"605","devstack","devstack",22843,"devstack"
"142","diaspora","diaspora",63891,"diaspora"
"778","DIRAC","dirac",19273,"dirac"
"147","discourse","discourse",63086,"discourse"
"713","dita-ot","dita-ot",20261,"dita-ot"
"377","diversify-exp","diversify-exp",31699,"diversify-exp"
"62","django","django",105843,"django"
"413","django-cms","django-cms",29801,"django-cms"
"903","django-oscar","django-oscar",17303,"django-oscar"
"507","django-rest-framework","django-rest-framework",25530,"django-rest-framework"
"175","dmd","dmd",56049,"dmd"
"722","doc","doc",20021,"doc"
"38","docker","docker",156514,"docker"
"23","docs","docs",191930,"docs"
"638","doctrine2","doctrine2",21844,"doctrine2"
"195","documentation","documentation",53139,"documentation"
"158","dojo_rules","dojo_rules",59544,"dojo_rules"
"831","dokku","dokku",18223,"dokku"
"411","dolibarr","dolibarr",29875,"dolibarr"
"887","Dollchan-Extension-Tools","dollchan-extension-tools",17505,"dollchan-extension-tools"
"425","dolphin","dolphin",29148,"dolphin"
"270","dotCMS","dotcms",40983,"dotcms"
"656","dotemacs","dotemacs",21501,"dotemacs"
"2","dotfiles","dotfiles",1522219,"dotfiles"
"293",".dotfiles",".dotfiles",38234,"dotfiles"
"434","dot-files","dot-files",28857,"dot-files"
"105","dotvim","dotvim",79091,"dotvim"
"431","drmemory","drmemory",28891,"drmemory"
"473","druid","druid",26655,"druid"
"698","druntime","druntime",20597,"druntime"
"737","drupal","drupal",19742,"drupal"
"314","drupalcores","drupalcores",36384,"drupalcores"
"307","Dynamo","dynamo",36948,"dynamo"
"747","dynamorio","dynamorio",19691,"dynamorio"
"368","Easy-Digital-Downloads","easy-digital-downloads",32233,"easy-digital-downloads"
"1","eclipse.platform.common","eclipse.platform.common",1994975,"eclipse.platform.common"
"13","eclipse.platform.releng.maps","eclipse.platform.releng.maps",317511,"eclipse.platform.releng.maps"
"468","eden","eden",26834,"eden"
"41","edx-platform","edx-platform",152999,"edx-platform"
"798","EggDrop","eggdrop",18770,"eggdrop"
"405","eidogram.github.com","eidogram.github.com",30276,"eidogram.github.com"
"74","elasticsearch","elasticsearch",99300,"elasticsearch"
"176","Elgg","elgg",55905,"elgg"
"308","elixir","elixir",36913,"elixir"
"370","emacs","emacs",32199,"emacs"
"781","emacs-config","emacs-config",19201,"emacs-config"
"138",".emacs.d",".emacs.d",65173,"emacs.d"
"185","emacs.d","emacs.d",53979,"emacs.d"
"415","ember-cli","ember-cli",29767,"ember-cli"
"77","ember.js","ember.js",96486,"ember.js"
"739","Emerald-Dream-1.12-Issue-tracker","emerald-dream-1.12-issue-tracker",19727,"emerald-dream-1.12-issue-tracker"
"223","emscripten","emscripten",47047,"emscripten"
"479","engine","engine",26410,"engine"
"770","erpnext","erpnext",19305,"erpnext"
"716","espace","espace",20188,"espace"
"404","etcd","etcd",30284,"etcd"
"420","etherpad-lite","etherpad-lite",29418,"etherpad-lite"
"435","euler","euler",28528,"euler"
"40","euro2012","euro2012",154344,"euro2012"
"459","examples","examples",27335,"examples"
"174","ExData_Plotting1","exdata_plotting1",56707,"exdata_plotting1"
"825","exercism.io","exercism.io",18255,"exercism.io"
"237","express","express",45789,"express"
"952","ezpublish-kernel","ezpublish-kernel",16591,"ezpublish-kernel"
"975","fabric","fabric",16369,"fabric"
"845","fabric8","fabric8",18070,"fabric8"
"640","fabric.js","fabric.js",21775,"fabric.js"
"79","federal-election-commision-aggregation","federal-election-commision-aggregation",95778,"federal-election-commision-aggregation"
"723","feeds","feeds",19975,"feeds"
"748","FFmpeg","ffmpeg",19666,"ffmpeg"
"931","fig","fig",16830,"fig"
"806","fig-standards","fig-standards",18636,"fig-standards"
"841","fipy-migration","fipy-migration",18153,"fipy-migration"
"998","fireplace","fireplace",16126,"fireplace"
"465","Firmware","firmware",27028,"firmware"
"882","first","first",17566,"first"
"21","first_app","first_app",222377,"first_app"
"696","fish-shell","fish-shell",20615,"fish-shell"
"921","fizteh-java-2013","fizteh-java-2013",17014,"fizteh-java-2013"
"409","flask","flask",29971,"flask"
"588","flexdigit.github.com","flexdigit.github.com",23206,"flexdigit.github.com"
"970","flixel","flixel",16386,"flixel"
"989","flux","flux",16193,"flux"
"244","fog","fog",44532,"fog"
"101","Font-Awesome","font-awesome",80117,"font-awesome"
"819","fontforge","fontforge",18329,"fontforge"
"238","foreman","foreman",45734,"foreman"
"724","forum","forum",19965,"forum"
"96","foundation","foundation",83301,"foundation"
"49","framework","framework",131939,"framework"
"125","frameworks_base","frameworks_base",68669,"frameworks_base"
"131","freebsd","freebsd",66485,"freebsd"
"602","freebsd-ports","freebsd-ports",22939,"freebsd-ports"
"210","free-programming-books","free-programming-books",50594,"free-programming-books"
"616","FreeRDP","freerdp",22378,"freerdp"
"46","frontend","frontend",132909,"frontend"
"856","frontend-dev-bookmarks","frontend-dev-bookmarks",17931,"frontend-dev-bookmarks"
"999","fullPage.js","fullpage.js",16124,"fullpage.js"
"506","furry-spice","furry-spice",25553,"furry-spice"
"924","fxa-content-server","fxa-content-server",16943,"fxa-content-server"
"9","gaia","gaia",384710,"gaia"
"980","gaia-ui-tests","gaia-ui-tests",16325,"gaia-ui-tests"
"886","galleries.csv","galleries.csv",17506,"galleries.csv"
"432","GalSim","galsim",28866,"galsim"
"443","game","game",28041,"game"
"578","Game","game",23444,"game"
"596","game-of-life","game-of-life",23030,"game-of-life"
"742","GamePlay","gameplay",19718,"gameplay"
"572","gatling","gatling",23609,"gatling"
"148","gecko-dev","gecko-dev",62958,"gecko-dev"
"897","genode","genode",17407,"genode"
"497","gentoo-portage","gentoo-portage",25762,"gentoo-portage"
"499","geonode","geonode",25718,"geonode"
"786","geoserver","geoserver",19037,"geoserver"
"166","Ghost","ghost",58368,"ghost"
"84","git","git",88917,"git"
"100","git2","git2",81326,"git2"
"535","git-achievements","git-achievements",24616,"git-achievements"
"527","gitextensions","gitextensions",24806,"gitextensions"
"692","gitflow","gitflow",20668,"gitflow"
"657","github","github",21496,"github"
"386","github-hooks-test","github-hooks-test",30987,"github-hooks-test"
"112","githubprime","githubprime",77481,"githubprime"
"89","githubtime","githubtime",86359,"githubtime"
"255","gitignore","gitignore",42979,"gitignore"
"54","gitlabhq","gitlabhq",119199,"gitlabhq"
"544","gittest","gittest",24351,"gittest"
"552","GitTest","gittest",24131,"gittest"
"944","glance","glance",16689,"glance"
"390","glpi","glpi",30830,"glpi"
"511","gnuhub.github.com","gnuhub.github.com",25408,"gnuhub.github.com"
"514","go","go",25170,"go"
"617","goagent","goagent",22291,"goagent"
"752","gollum","gollum",19620,"gollum"
"767","GooGuns","googuns",19372,"googuns"
"421","GPUImage","gpuimage",29341,"gpuimage"
"853","gradle","gradle",17949,"gradle"
"986","grape","grape",16226,"grape"
"933","grid","grid",16806,"grid"
"364","grunt","grunt",32506,"grunt"
"667","guides","guides",21110,"guides"
"241","Guido","guido",45405,"guido"
"661","gulp","gulp",21368,"gulp"
"662","Gv","gv",21290,"gv"
"650","h","h",21604,"h"
"580","h0tir0n.github.com","h0tir0n.github.com",23359,"h0tir0n.github.com"
"816","h2o","h2o",18387,"h2o"
"224","habitrpg","habitrpg",46453,"habitrpg"
"595","hadoop-common","hadoop-common",23064,"hadoop-common"
"191","haiku","haiku",53528,"haiku"
"626","hammer.js","hammer.js",22067,"hammer.js"
"901","handlebars.js","handlebars.js",17341,"handlebars.js"
"872","hapi","hapi",17703,"hapi"
"519","hawkthorne-journey","hawkthorne-journey",25041,"hawkthorne-journey"
"334","haxe","haxe",34972,"haxe"
"268","hazelcast","hazelcast",41128,"hazelcast"
"311","hbase","hbase",36589,"hbase"
"353","hd","hd",33279,"hd"
"659","headphones","headphones",21434,"headphones"
"18","heartbeat","heartbeat",262275,"heartbeat"
"858","heat","heat",17874,"heat"
"355","hello","hello",33182,"hello"
"890","hellogitworld","hellogitworld",17480,"hellogitworld"
"173","HelloWorld","helloworld",56707,"helloworld"
"290","helloworld","helloworld",38443,"helloworld"
"30","hello-world","hello-world",170041,"hello-world"
"83","Hello-World","hello-world",90218,"hello-world"
"956","heroku","heroku",16554,"heroku"
"320","hhvm","hhvm",35954,"hhvm"
"345","hifi","hifi",34073,"hifi"
"643","highcharts.com","highcharts.com",21723,"highcharts.com"
"585","Hilary","hilary",23238,"hilary"
"342","hive","hive",34476,"hive"
"192","home","home",53341,"home"
"10","homebrew","homebrew",376363,"homebrew"
"139","homebrew-cask","homebrew-cask",64869,"homebrew-cask"
"852","homebrew-php","homebrew-php",17965,"homebrew-php"
"888","homebrew-science","homebrew-science",17494,"homebrew-science"
"548","homepage","homepage",24214,"homepage"
"587","horizon","horizon",23215,"horizon"
"575","hornetq","hornetq",23559,"hornetq"
"120","HPCC-Platform","hpcc-platform",71932,"hpcc-platform"
"755","hpx","hpx",19566,"hpx"
"182","html5-boilerplate","html5-boilerplate",54359,"html5-boilerplate"
"807","httpie","httpie",18609,"httpie"
"920","hub","hub",17030,"hub"
"524","hubot","hubot",24908,"hubot"
"805","hubot-scripts","hubot-scripts",18645,"hubot-scripts"
"833","huginn","huginn",18192,"huginn"
"491","hw3_rottenpotatoes","hw3_rottenpotatoes",25968,"hw3_rottenpotatoes"
"823","hydra","hydra",18307,"hydra"
"521","hz-base","hz-base",24984,"hz-base"
"905","iD","id",17287,"id"
"321","impress.js","impress.js",35721,"impress.js"
"658","incubator-spark","incubator-spark",21472,"incubator-spark"
"668","indico-gh-test","indico-gh-test",21109,"indico-gh-test"
"149","infinispan","infinispan",62334,"infinispan"
"387","intellij-community","intellij-community",30921,"intellij-community"
"264","invenio","invenio",42032,"invenio"
"329","ionic","ionic",35256,"ionic"
"78","ipython","ipython",96118,"ipython"
"42","irc-logs","irc-logs",151022,"irc-logs"
"335","iris","iris",34919,"iris"
"303","issues","issues",37294,"issues"
"340","Issues","issues",34638,"issues"
"297","issues-test1","issues-test1",37857,"issues-test1"
"515","jade","jade",25125,"jade"
"384","jajuk","jajuk",31119,"jajuk"
"375","java","java",31930,"java"
"469","Java","java",26774,"java"
"332","javascript","javascript",35013,"javascript"
"107","jboss-as","jboss-as",78601,"jboss-as"
"277","jclouds","jclouds",40357,"jclouds"
"135","jekyll","jekyll",65783,"jekyll"
"881","jekyll_demo","jekyll_demo",17578,"jekyll_demo"
"263","jenkins","jenkins",42189,"jenkins"
"349","jenkins-config","jenkins-config",33706,"jenkins-config"
"90","joomla-cms","joomla-cms",86252,"joomla-cms"
"550","joomla-platform","joomla-platform",24170,"joomla-platform"
"938","jOOQ","jooq",16753,"jooq"
"257","jOOQ-trac-ticket-import-test","jooq-trac-ticket-import-test",42714,"jooq-trac-ticket-import-test"
"108","jquery","jquery",78432,"jquery"
"203","jQuery-File-Upload","jquery-file-upload",51569,"jquery-file-upload"
"749","jquery-handsontable","jquery-handsontable",19657,"jquery-handsontable"
"143","jquery-mobile","jquery-mobile",63843,"jquery-mobile"
"978","jquery-pjax","jquery-pjax",16335,"jquery-pjax"
"357","jquery-ui","jquery-ui",32963,"jquery-ui"
"955","jquery-validation","jquery-validation",16562,"jquery-validation"
"481","jruby","jruby",26363,"jruby"
"777","jsbin","jsbin",19277,"jsbin"
"509","jsdelivr","jsdelivr",25482,"jsdelivr"
"780","jshint","jshint",19210,"jshint"
"362","jsk_common-release","jsk_common-release",32643,"jsk_common-release"
"483","juju","juju",26239,"juju"
"44","julia","julia",143582,"julia"
"729","junit","junit",19903,"junit"
"878","k","k",17589,"k"
"429","ka-lite","ka-lite",28999,"ka-lite"
"141","katello","katello",64650,"katello"
"985","kc","kc",16251,"kc"
"510","kernel","kernel",25475,"kernel"
"482","keystone","keystone",26295,"keystone"
"8","khan-exercises","khan-exercises",410491,"khan-exercises"
"181","khan-i18n","khan-i18n",54643,"khan-i18n"
"710","kibana","kibana",20276,"kibana"
"438","kitsune","kitsune",28269,"kitsune"
"522","kivy","kivy",24937,"kivy"
"565","knockout","knockout",23840,"knockout"
"976","koala","koala",16359,"koala"
"915","Koha","koha",17077,"koha"
"348","kotlin","kotlin",33798,"kotlin"
"584","ks","ks",23318,"ks"
"218","kubernetes","kubernetes",48042,"kubernetes"
"371","kuma","kuma",32118,"kuma"
"534","lab","lab",24631,"lab"
"567","lantern","lantern",23824,"lantern"
"137","laravel","laravel",65347,"laravel"
"369","laserTrack2","lasertrack2",32213,"lasertrack2"
"294","Leaflet","leaflet",38196,"leaflet"
"455","learngit","learngit",27573,"learngit"
"836","learning","learning",18176,"learning"
"860","learn-rails","learn-rails",17853,"learn-rails"
"194","leetcode","leetcode",53186,"leetcode"
"439","LeetCode","leetcode",28229,"leetcode"
"705","leiningen","leiningen",20401,"leiningen"
"305","less.js","less.js",36997,"less.js"
"216","libgdx","libgdx",48253,"libgdx"
"233","libgit2","libgit2",46045,"libgit2"
"837","libgit2sharp","libgit2sharp",18174,"libgit2sharp"
"715","library","library",20189,"library"
"395","libuv","libuv",30651,"libuv"
"94","liferay-plugins","liferay-plugins",83801,"liferay-plugins"
"11","liferay-portal","liferay-portal",350948,"liferay-portal"
"593","lime","lime",23151,"lime"
"628","linguist","linguist",22009,"linguist"
"60","linux","linux",110066,"linux"
"167","livestatus-publicpage","livestatus-publicpage",58320,"livestatus-publicpage"
"165","llvm","llvm",58527,"llvm"
"50","llvm-project","llvm-project",131479,"llvm-project"
"51","llvm-project-submodule","llvm-project-submodule",128389,"llvm-project-submodule"
"631","lodash","lodash",21907,"lodash"
"440","logstash","logstash",28203,"logstash"
"557","loomio","loomio",24028,"loomio"
"928","MagicalRecord","magicalrecord",16873,"magicalrecord"
"793","MahApps.Metro","mahapps.metro",18961,"mahapps.metro"
"130","main","main",67252,"main"
"973","manageiq","manageiq",16377,"manageiq"
"399","mangos","mangos",30433,"mangos"
"461","manifest","manifest",27285,"manifest"
"313","mantid","mantid",36559,"mantid"
"622","mapnik","mapnik",22134,"mapnik"
"14","mapserver","mapserver",297848,"mapserver"
"363","maptest-ac","maptest-ac",32642,"maptest-ac"
"360","maptest-ad","maptest-ad",32847,"maptest-ad"
"424","maptest-bc","maptest-bc",29206,"maptest-bc"
"428","maptest-bd","maptest-bd",29086,"maptest-bd"
"766","maptest-da","maptest-da",19388,"maptest-da"
"318","maqetta","maqetta",36145,"maqetta"
"972","Markus","markus",16378,"markus"
"545","Marlin","marlin",24333,"marlin"
"198","matplotlib","matplotlib",52312,"matplotlib"
"709","mcMMO","mcmmo",20281,"mcmmo"
"518","MCServer","mcserver",25050,"mcserver"
"554","mean","mean",24041,"mean"
"291","mediawiki-extensions","mediawiki-extensions",38364,"mediawiki-extensions"
"32","melete","melete",169347,"melete"
"542","melpa","melpa",24358,"melpa"
"669","mercury","mercury",21103,"mercury"
"97","metasploit-framework","metasploit-framework",82831,"metasploit-framework"
"88","meteor","meteor",86948,"meteor"
"782","mf-geoadmin3","mf-geoadmin3",19156,"mf-geoadmin3"
"738","middleman","middleman",19737,"middleman"
"706","MinecraftForge","minecraftforge",20368,"minecraftforge"
"430","minetest","minetest",28909,"minetest"
"540","mirall","mirall",24442,"mirall"
"45","mirror","mirror",138391,"mirror"
"347","misc","misc",33981,"misc"
"33","mmc","mmc",168815,"mmc"
"487","mneme","mneme",26067,"mneme"
"280","mne-python","mne-python",40021,"mne-python"
"912","mobile","mobile",17093,"mobile"
"474","mocha","mocha",26636,"mocha"
"391","Modernizr","modernizr",30802,"modernizr"
"553","mojito","mojito",24103,"mojito"
"258","moment","moment",42568,"moment"
"196","mongo","mongo",52338,"mongo"
"539","mongoid","mongoid",24478,"mongoid"
"379","mongoose","mongoose",31541,"mongoose"
"310","mono","mono",36666,"mono"
"730","monodevelop","monodevelop",19891,"monodevelop"
"179","MonoGame","monogame",55500,"monogame"
"55","moodle","moodle",118635,"moodle"
"711","moose","moose",20276,"moose"
"891","mosh","mosh",17473,"mosh"
"81","mozilla-central","mozilla-central",91555,"mozilla-central"
"994","mozilla-git","mozilla-git",16158,"mozilla-git"
"466","mozilla-history-tools","mozilla-history-tools",27008,"mozilla-history-tools"
"983","mozillians","mozillians",16283,"mozillians"
"563","mozwebqa-dashboard","mozwebqa-dashboard",23858,"mozwebqa-dashboard"
"458","mpc-hc","mpc-hc",27418,"mpc-hc"
"670","mpv","mpv",21078,"mpv"
"190","mr-issues","mr-issues",53690,"mr-issues"
"315","mruby","mruby",36346,"mruby"
"132","mstmp","mstmp",66246,"mstmp"
"634","MuseScore","musescore",21895,"musescore"
"869","Mvc","mvc",17735,"mvc"
"500","mwEmbed","mwembed",25695,"mwembed"
"758","MyAppWithFailures","myappwithfailures",19546,"myappwithfailures"
"844","myblog","myblog",18071,"myblog"
"312","mygithubpage","mygithubpage",36585,"mygithubpage"
"564","myrepo","myrepo",23841,"myrepo"
"889","mysite","mysite",17493,"mysite"
"847","mysql","mysql",18036,"mysql"
"883","Nancy","nancy",17566,"nancy"
"456","nemerle","nemerle",27509,"nemerle"
"247","neo4j","neo4j",43974,"neo4j"
"228","neovim","neovim",46313,"neovim"
"744","nette","nette",19702,"nette"
"153","netty","netty",60567,"netty"
"880","networkx","networkx",17580,"networkx"
"800","neutron","neutron",18704,"neutron"
"558","newofnews","newofnews",23990,"newofnews"
"899","news","news",17344,"news"
"946","nexus","nexus",16663,"nexus"
"328","nfs-ganesha","nfs-ganesha",35364,"nfs-ganesha"
"720","ng-grid","ng-grid",20048,"ng-grid"
"884","nikola","nikola",17539,"nikola"
"714","ninja","ninja",20207,"ninja"
"99","nixpkgs","nixpkgs",82179,"nixpkgs"
"43","node","node",146792,"node"
"476","NodeBB","nodebb",26544,"nodebb"
"965","node-js-sample","node-js-sample",16425,"node-js-sample"
"256","node-webkit","node-webkit",42845,"node-webkit"
"526","normalize.css","normalize.css",24816,"normalize.css"
"217","notes","notes",48052,"notes"
"870","Notes","notes",17712,"notes"
"123","nova","nova",68997,"nova"
"231","npm","npm",46275,"npm"
"453","NServiceBus","nservicebus",27625,"nservicebus"
"991","nt2","nt2",16165,"nt2"
"187","numpy","numpy",53843,"numpy"
"445","numpy-trac-migration","numpy-trac-migration",27905,"numpy-trac-migration"
"606","nupic","nupic",22815,"nupic"
"789","nvd3","nvd3",19031,"nvd3"
"444","nyt_puzzle_history","nyt_puzzle_history",28004,"nyt_puzzle_history"
"893","nZEDb","nzedb",17449,"nzedb"
"392","oc-issue-import","oc-issue-import",30789,"oc-issue-import"
"949","OCTGN","octgn",16633,"octgn"
"214","octopress","octopress",49520,"octopress"
"180","odoo","odoo",55273,"odoo"
"936","OG-Platform","og-platform",16789,"og-platform"
"82","oh-my-zsh","oh-my-zsh",91269,"oh-my-zsh"
"942","okhttp","okhttp",16740,"okhttp"
"272","ol3","ol3",40956,"ol3"
"873","ome-documentation","ome-documentation",17650,"ome-documentation"
"283","omgzorz","omgzorz",39635,"omgzorz"
"779","ompi-svn-mirror","ompi-svn-mirror",19259,"ompi-svn-mirror"
"301","omrails","omrails",37541,"omrails"
"804","opal","opal",18655,"opal"
"72","opam-bulk-logs","opam-bulk-logs",100048,"opam-bulk-logs"
"594","opam-repository","opam-repository",23135,"opam-repository"
"951","OpenBazaar","openbazaar",16603,"openbazaar"
"254","OpenBSC","openbsc",43092,"openbsc"
"523","opencart","opencart",24922,"opencart"
"159","opencv","opencv",59517,"opencv"
"200","OpenELEC.tv","openelec.tv",52057,"openelec.tv"
"783","OpenEmu","openemu",19121,"openemu"
"227","openFrameworks","openframeworks",46337,"openframeworks"
"516","openhab","openhab",25098,"openhab"
"688","openlayers","openlayers",20754,"openlayers"
"183","openmicroscopy","openmicroscopy",54260,"openmicroscopy"
"775","openmrs-core","openmrs-core",19286,"openmrs-core"
"488","openmw","openmw",26057,"openmw"
"419","openproject","openproject",29538,"openproject"
"146","OpenRA","openra",63105,"openra"
"177","openscholar","openscholar",55692,"openscholar"
"350","openstack","openstack",33548,"openstack"
"876","opentx","opentx",17601,"opentx"
"636","orientdb","orientdb",21882,"orientdb"
"835","origin","origin",18177,"origin"
"70","origin-server","origin-server",101030,"origin-server"
"843","Osmand","osmand",18121,"osmand"
"685","otp","otp",20858,"otp"
"898","otter","otter",17401,"otter"
"850","otwarchive","otwarchive",18017,"otwarchive"
"855","our-boxen","our-boxen",17943,"our-boxen"
"708","ovirt-engine","ovirt-engine",20302,"ovirt-engine"
"378","package_control_channel","package_control_channel",31594,"package_control_channel"
"694","packages","packages",20648,"packages"
"397","packages_apps_Settings","packages_apps_settings",30548,"packages_apps_settings"
"727","packer","packer",19919,"packer"
"59","pandas","pandas",110540,"pandas"
"900","pandoc","pandoc",17341,"pandoc"
"672","paparazzi","paparazzi",21053,"paparazzi"
"875","paperclip","paperclip",17621,"paperclip"
"689","patchwork","patchwork",20740,"patchwork"
"91","pdf.js","pdf.js",84479,"pdf.js"
"478","pelican","pelican",26521,"pelican"
"866","pfsense","pfsense",17773,"pfsense"
"570","phabricator","phabricator",23771,"phabricator"
"325","phantomjs","phantomjs",35540,"phantomjs"
"649","phaser","phaser",21618,"phaser"
"111","phnest","phnest",77618,"phnest"
"201","phobos","phobos",51762,"phobos"
"486","phoenix","phoenix",26092,"phoenix"
"968","phonegap","phonegap",16391,"phonegap"
"573","phonegap-plugins","phonegap-plugins",23593,"phonegap-plugins"
"296","phonegap-start","phonegap-start",37886,"phonegap-start"
"608","php","php",22658,"php"
"555","phpbb","phpbb",24036,"phpbb"
"253","phpbb3","phpbb3",43298,"phpbb3"
"907","PHP-CS-Fixer","php-cs-fixer",17193,"php-cs-fixer"
"274","phpmyadmin","phpmyadmin",40832,"phpmyadmin"
"193","php-src","php-src",53283,"php-src"
"934","php-the-right-way","php-the-right-way",16801,"php-the-right-way"
"923","phpunit","phpunit",16974,"phpunit"
"828","Phraseanet","phraseanet",18252,"phraseanet"
"503","pi","pi",25645,"pi"
"734","pim-community-dev","pim-community-dev",19779,"pim-community-dev"
"299","pinteresting","pinteresting",37595,"pinteresting"
"252","pioneer","pioneer",43307,"pioneer"
"531","pip","pip",24682,"pip"
"549","PiplMesh","piplmesh",24207,"piplmesh"
"492","piwik","piwik",25932,"piwik"
"820","pixi.js","pixi.js",18328,"pixi.js"
"750","PKGBUILDs","pkgbuilds",19632,"pkgbuilds"
"812","planet.sympy.org","planet.sympy.org",18455,"planet.sympy.org"
"168","platform","platform",58249,"platform"
"341","platform_frameworks_base","platform_frameworks_base",34529,"platform_frameworks_base"
"145","platform_manifest","platform_manifest",63134,"platform_manifest"
"762","play","play",19435,"play"
"457","Play20","play20",27476,"play20"
"437","playframework","playframework",28405,"playframework"
"286","playground","playground",38846,"playground"
"163","PLM-data","plm-data",58755,"plm-data"
"815","PocketMine-MP","pocketmine-mp",18410,"pocketmine-mp"
"674","pods","pods",21032,"pods"
"273","Pokemon-Showdown","pokemon-showdown",40894,"pokemon-showdown"
"230","popcorn-app","popcorn-app",46294,"popcorn-app"
"262","portage","portage",42203,"portage"
"627","portal","portal",22019,"portal"
"87","portfolio","portfolio",88325,"portfolio"
"449","Portfolio","portfolio",27805,"portfolio"
"635","postgres","postgres",21884,"postgres"
"330","pouchdb","pouchdb",35234,"pouchdb"
"86","ppsspp","ppsspp",88642,"ppsspp"
"472","practice","practice",26675,"practice"
"680","prelude","prelude",20915,"prelude"
"624","presentations","presentations",22096,"presentations"
"464","PrestaShop","prestashop",27124,"prestashop"
"639","presto","presto",21792,"presto"
"559","prezto","prezto",23966,"prezto"
"607","processing","processing",22694,"processing"
"940","progit","progit",16751,"progit"
"75","ProgrammingAssignment2","programmingassignment2",99088,"programmingassignment2"
"206","project","project",51497,"project"
"351","Project","project",33439,"project"
"754","project1","project1",19598,"project1"
"501","ProjectEuler","projecteuler",25671,"projecteuler"
"520","project-euler","project-euler",25002,"project-euler"
"830","Project-Euler","project-euler",18246,"project-euler"
"221","Projects","projects",47205,"projects"
"376","projects","projects",31756,"projects"
"895","protractor","protractor",17433,"protractor"
"813","prueba","prueba",18416,"prueba"
"971","psutil","psutil",16380,"psutil"
"984","public","public",16281,"public"
"52","PullRequestTest","pullrequesttest",127517,"pullrequesttest"
"599","pulp","pulp",22983,"pulp"
"103","pulWifi","pulwifi",79390,"pulwifi"
"467","pupesoft","pupesoft",26848,"pupesoft"
"119","puppet","puppet",73436,"puppet"
"788","pure","pure",19035,"pure"
"625","pushpin","pushpin",22090,"pushpin"
"383","pyrocms","pyrocms",31132,"pyrocms"
"240","python","python",45477,"python"
"760","Python","python",19480,"python"
"682","q","q",20886,"q"
"637","qBittorrent","qbittorrent",21863,"qbittorrent"
"186","qdm.github.io","qdm.github.io",53943,"qdm.github.io"
"959","qemu","qemu",16480,"qemu"
"945","qiime","qiime",16683,"qiime"
"202","qualitri.github.io","qualitri.github.io",51717,"qualitri.github.io"
"776","Quantum-GIS","quantum-gis",19286,"quantum-gis"
"745","Quicksilver","quicksilver",19695,"quicksilver"
"763","racket","racket",19415,"racket"
"809","radare2","radare2",18575,"radare2"
"17","rails","rails",262378,"rails"
"772","rails_admin","rails_admin",19303,"rails_admin"
"859","ratchet","ratchet",17862,"ratchet"
"733","ravendb","ravendb",19789,"ravendb"
"204","react","react",51523,"react"
"414","ReactiveCocoa","reactivecocoa",29769,"reactivecocoa"
"422","recipes","recipes",29282,"recipes"
"199","reddcoinhub.github.io","reddcoinhub.github.io",52168,"reddcoinhub.github.io"
"441","reddit","reddit",28168,"reddit"
"964","Reddit-Enhancement-Suite","reddit-enhancement-suite",16427,"reddit-enhancement-suite"
"212","redis","redis",50497,"redis"
"543","redmine","redmine",24356,"redmine"
"451","refinerycms","refinerycms",27678,"refinerycms"
"337","RepData_PeerAssessment1","repdata_peerassessment1",34866,"repdata_peerassessment1"
"140","repo","repo",64862,"repo"
"808","request","request",18581,"request"
"251","requests","requests",43375,"requests"
"771","requirejs","requirejs",19304,"requirejs"
"904","resque","resque",17287,"resque"
"402","RestKit","restkit",30352,"restkit"
"172","resume","resume",57452,"resume"
"665","resume.github.com","resume.github.com",21186,"resume.github.com"
"189","rethinkdb","rethinkdb",53762,"rethinkdb"
"619","RetroArch","retroarch",22208,"retroarch"
"246","reveal.js","reveal.js",44195,"reveal.js"
"764","revolution","revolution",19396,"revolution"
"977","rhc","rhc",16357,"rhc"
"265","RIOT","riot",41741,"riot"
"914","ripple-client","ripple-client",17084,"ripple-client"
"633","rippled","rippled",21896,"rippled"
"271","riskindex.github.io","riskindex.github.io",40975,"riskindex.github.io"
"927","robolectric","robolectric",16895,"robolectric"
"683","robottelo","robottelo",20881,"robottelo"
"427","roots","roots",29088,"roots"
"867","ros_comm-release","ros_comm-release",17766,"ros_comm-release"
"279","rosdistro","rosdistro",40210,"rosdistro"
"226","rosdoc_tag_index","rosdoc_tag_index",46374,"rosdoc_tag_index"
"801","rose","rose",18695,"rose"
"746","rspec-core","rspec-core",19693,"rspec-core"
"590","rubinius","rubinius",23185,"rubinius"
"829","rubocop","rubocop",18249,"rubocop"
"207","ruby","ruby",51186,"ruby"
"950","ruby-style-guide","ruby-style-guide",16626,"ruby-style-guide"
"16","rust","rust",285494,"rust"
"344","rvm","rvm",34155,"rvm"
"446","RxJava","rxjava",27886,"rxjava"
"917","_s","_s",17074,"_s"
"389","sails","sails",30888,"sails"
"25","salt","salt",177772,"salt"
"394","sample","sample",30678,"sample"
"6","sample_app","sample_app",453568,"sample_app"
"80","sandbox","sandbox",93164,"sandbox"
"821","Sandbox","sandbox",18318,"sandbox"
"381","sapphire","sapphire",31355,"sapphire"
"591","sass","sass",23181,"sass"
"69","scala","scala",102817,"scala"
"530","scala-ide","scala-ide",24690,"scala-ide"
"796","scala-js","scala-js",18907,"scala-js"
"996","scalding","scalding",16134,"scalding"
"684","scikit-image","scikit-image",20879,"scikit-image"
"73","scikit-learn","scikit-learn",100010,"scikit-learn"
"239","scipy","scipy",45679,"scipy"
"302","scipy-trac-migration","scipy-trac-migration",37381,"scipy-trac-migration"
"702","scrapy","scrapy",20465,"scrapy"
"676","scratch","scratch",20978,"scratch"
"66","scripts","scripts",104414,"scripts"
"471","Scripts","scripts",26762,"scripts"
"505","scummvm","scummvm",25567,"scummvm"
"704","SDWebImage","sdwebimage",20402,"sdwebimage"
"690","seajs","seajs",20722,"seajs"
"260","select2","select2",42381,"select2"
"463","Semantic-UI","semantic-ui",27158,"semantic-ui"
"433","sentry","sentry",28861,"sentry"
"380","sequelize","sequelize",31417,"sequelize"
"154","server","server",60535,"server"
"666","Server","server",21114,"server"
"916","ServiceStack","servicestack",17075,"servicestack"
"134","servo","servo",65844,"servo"
"854","ShareKit","sharekit",17948,"sharekit"
"288","shark","shark",38514,"shark"
"728","shinken","shinken",19916,"shinken"
"323","shogun","shogun",35632,"shogun"
"974","shop","shop",16373,"shop"
"324","shopp-import","shopp-import",35615,"shopp-import"
"604","shumway","shumway",22868,"shumway"
"284","Sick-Beard","sick-beard",39188,"sick-beard"
"393","sidekiq","sidekiq",30731,"sidekiq"
"266","SignalR","signalr",41177,"signalr"
"969","Silex","silex",16391,"silex"
"997","sinatra","sinatra",16127,"sinatra"
"127","site","site",68506,"site"
"629","skrollr","skrollr",21980,"skrollr"
"981","SkyFireEMU","skyfireemu",16305,"skyfireemu"
"529","slackbuilds","slackbuilds",24758,"slackbuilds"
"732","slate","slate",19876,"slate"
"918","Slatwall","slatwall",17056,"slatwall"
"571","Slic3r","slic3r",23719,"slic3r"
"493","slick","slick",25916,"slick"
"686","SlidingMenu","slidingmenu",20817,"slidingmenu"
"896","SMF2.1","smf2.1",17414,"smf2.1"
"322","smzdm.com","smzdm.com",35703,"smzdm.com"
"586","snippets","snippets",23232,"snippets"
"160","snoopys-sandbox","snoopys-sandbox",59410,"snoopys-sandbox"
"919","social","social",17049,"social"
"417","socket.io","socket.io",29596,"socket.io"
"403","socorro","socorro",30332,"socorro"
"846","Solarmax","solarmax",18068,"solarmax"
"660","SonataAdminBundle","sonataadminbundle",21398,"sonataadminbundle"
"327","sosie-exp","sosie-exp",35413,"sosie-exp"
"19","spark","spark",257356,"spark"
"838","SparkleShare","sparkleshare",18170,"sparkleshare"
"56","Specs","specs",113753,"specs"
"741","spksrc","spksrc",19722,"spksrc"
"61","Spoon-Knife","spoon-knife",109996,"spoon-knife"
"95","spree","spree",83602,"spree"
"664","spring","spring",21200,"spring"
"769","spring-boot","spring-boot",19348,"spring-boot"
"495","spring-framework","spring-framework",25769,"spring-framework"
"577","spring-integration","spring-integration",23505,"spring-integration"
"703","spring-xd","spring-xd",20464,"spring-xd"
"922","src","src",16991,"src"
"862","Starcounter","starcounter",17811,"starcounter"
"894","static","static",17434,"static"
"826","statsd","statsd",18254,"statsd"
"460","statsmodels","statsmodels",27307,"statsmodels"
"484","steam-for-linux","steam-for-linux",26182,"steam-for-linux"
"939","stk-code","stk-code",16753,"stk-code"
"532","Stockfish","stockfish",24659,"stockfish"
"408","storm","storm",30076,"storm"
"712","study","study",20267,"study"
"620","stuff","stuff",22174,"stuff"
"794","styles","styles",18930,"styles"
"865","stylus","stylus",17780,"stylus"
"926","sunpy","sunpy",16932,"sunpy"
"647","support","support",21698,"support"
"671","swift","swift",21077,"swift"
"407","Sylius","sylius",30101,"sylius"
"34","symfony","symfony",166358,"symfony"
"215","symfony-docs","symfony-docs",48563,"symfony-docs"
"654","symphony-2","symphony-2",21562,"symphony-2"
"64","sympy","sympy",105236,"sympy"
"799","syncthing","syncthing",18734,"syncthing"
"164","synergy","synergy",58548,"synergy"
"957","syntastic","syntastic",16519,"syntastic"
"615","szxxnk","szxxnk",22457,"szxxnk"
"958","talks","talks",16497,"talks"
"925","TauLabs","taulabs",16932,"taulabs"
"561","tck","tck",23943,"tck"
"877","temp","temp",17597,"temp"
"719","template","template",20104,"template"
"848","temp-repo","temp-repo",18023,"temp-repo"
"839","Terasology","terasology",18158,"terasology"
"3","test","test",887739,"test"
"26","Test","test",177063,"test"
"93","test1","test1",84375,"test1"
"152","test2","test2",61100,"test2"
"423","test3","test3",29270,"test3"
"494","test-center","test-center",25844,"test-center"
"612","teste","teste",22521,"teste"
"851","testgit","testgit",17993,"testgit"
"178","testing","testing",55541,"testing"
"863","Testing","testing",17792,"testing"
"948","testmigration2","testmigration2",16644,"testmigration2"
"126","testrepo","testrepo",68659,"testrepo"
"412","TestRepo","testrepo",29863,"testrepo"
"937","test_repo","test_repo",16758,"test_repo"
"150","test-repo","test-repo",62096,"test-repo"
"818","testrunner","testrunner",18372,"testrunner"
"533","testsage","testsage",24648,"testsage"
"317","textmate","textmate",36172,"textmate"
"496","TextSecure","textsecure",25764,"textsecure"
"114","-tg-station","-tg-station",74899,"-tg-station"
"400","Theano","theano",30393,"theano"
"295","thesis","thesis",37917,"thesis"
"104","three.js","three.js",79200,"three.js"
"245","thruk-pub-status","thruk-pub-status",44516,"thruk-pub-status"
"480","ticketee","ticketee",26394,"ticketee"
"740","TicTacToe","tictactoe",19725,"tictactoe"
"106","titanium_mobile","titanium_mobile",78683,"titanium_mobile"
"731","tmp","tmp",19885,"tmp"
"401","todo","todo",30360,"todo"
"243","todomvc","todomvc",44533,"todomvc"
"232","tools","tools",46183,"tools"
"699","tornado","tornado",20593,"tornado"
"663","traceur-compiler","traceur-compiler",21204,"traceur-compiler"
"721","trac-migration","trac-migration",20041,"trac-migration"
"673","training","training",21034,"training"
"416","travis-ci","travis-ci",29764,"travis-ci"
"333","treebook","treebook",35008,"treebook"
"792","tribler","tribler",18971,"tribler"
"36","TrinityCore","trinitycore",160689,"trinitycore"
"4","try_git","try_git",681552,"try_git"
"909","tutorial","tutorial",17112,"tutorial"
"966","tvheadend","tvheadend",16425,"tvheadend"
"623","twitter","twitter",22116,"twitter"
"811","typeahead.js","typeahead.js",18516,"typeahead.js"
"824","TypeScript","typescript",18262,"typescript"
"879","ui","ui",17581,"ui"
"621","ui-router","ui-router",22171,"ui-router"
"285","underscore","underscore",39106,"underscore"
"653","unisubs","unisubs",21570,"unisubs"
"525","utils","utils",24844,"utils"
"339","v8","v8",34706,"v8"
"162","vagrant","vagrant",58831,"vagrant"
"717","vert.x","vert.x",20156,"vert.x"
"582","vgstation13","vgstation13",23354,"vgstation13"
"773","video.js","video.js",19300,"video.js"
"109","vim","vim",77848,"vim"
"267",".vim",".vim",41138,"vim"
"356","vim-config","vim-config",33007,"vim-config"
"161","vimfiles","vimfiles",58860,"vimfiles"
"136","vimrc","vimrc",65671,"vimrc"
"513","virt-test","virt-test",25202,"virt-test"
"57","vitality","vitality",111492,"vitality"
"373","voltdb","voltdb",32090,"voltdb"
"857","w3af","w3af",17920,"w3af"
"115","weathernick.github.io","weathernick.github.io",73975,"weathernick.github.io"
"648","weather-prediction","weather-prediction",21638,"weather-prediction"
"151","web","web",61747,"web"
"822","webapp","webapp",18315,"webapp"
"947","WebEssentials2013","webessentials2013",16645,"webessentials2013"
"910","webkit","webkit",17111,"webkit"
"817","webservice-cep","webservice-cep",18376,"webservice-cep"
"20","website","website",224121,"website"
"304","Website","website",37185,"website"
"15","websites","websites",291833,"websites"
"116","wet-boew","wet-boew",73890,"wet-boew"
"979","WhatsAPI","whatsapi",16334,"whatsapi"
"289","whitehall","whitehall",38468,"whitehall"
"98","wiki","wiki",82788,"wiki"
"943","WikkaWiki_test","wikkawiki_test",16730,"wikkawiki_test"
"248","wildfly","wildfly",43814,"wildfly"
"691","wiredtiger","wiredtiger",20707,"wiredtiger"
"562","wmcore-trac-import","wmcore-trac-import",23916,"wmcore-trac-import"
"129","wmidbot","wmidbot",67557,"wmidbot"
"211","woocommerce","woocommerce",50559,"woocommerce"
"184","wordpress","wordpress",54013,"wordpress"
"282","WordPress","wordpress",39821,"wordpress"
"541","WordPress-iOS","wordpress-ios",24439,"wordpress-ios"
"864","workspace","workspace",17782,"workspace"
"790","wp-cli","wp-cli",19011,"wp-cli"
"470","wpi-suite","wpi-suite",26762,"wpi-suite"
"208","www","www",51186,"www"
"600","www.cogent.co","www.cogent.co",22964,"www.cogent.co"
"358","www.gittip.com","www.gittip.com",32950,"www.gittip.com"
"644","wysihtml5","wysihtml5",21716,"wysihtml5"
"28","xbmc","xbmc",174100,"xbmc"
"930","xbps-packages","xbps-packages",16854,"xbps-packages"
"583","xen-api","xen-api",23347,"xen-api"
"592","XPrivacy","xprivacy",23165,"xprivacy"
"871","xtuple","xtuple",17710,"xtuple"
"759","yeoman","yeoman",19492,"yeoman"
"169","yhadoop-common","yhadoop-common",57794,"yhadoop-common"
"197","yii","yii",52318,"yii"
"110","yii2","yii2",77736,"yii2"
"834","YouCompleteMe","youcompleteme",18185,"youcompleteme"
"278","youtube-dl","youtube-dl",40334,"youtube-dl"
"331","yui3","yui3",35155,"yui3"
"797","yupe","yupe",18894,"yupe"
"117","z","z",73776,"z"
"92","zamboni","zamboni",84467,"zamboni"
"597","zapier","zapier",23024,"zapier"
"990","zds-site","zds-site",16185,"zds-site"
"874","zepto","zepto",17623,"zepto"
"568","zeroclickinfo-spice","zeroclickinfo-spice",23798,"zeroclickinfo-spice"
"67","zf2","zf2",104323,"zf2"
"287","zfs","zfs",38752,"zfs"
